/*
SQLyog Ultimate v11.42 (64 bit)
MySQL - 5.7.26-log : Database - rbac
*********************************************************************
*/

/*!40101 SET NAMES utf8 */;

/*!40101 SET SQL_MODE=''*/;

/*!40014 SET @OLD_UNIQUE_CHECKS=@@UNIQUE_CHECKS, UNIQUE_CHECKS=0 */;
/*!40014 SET @OLD_FOREIGN_KEY_CHECKS=@@FOREIGN_KEY_CHECKS, FOREIGN_KEY_CHECKS=0 */;
/*!40101 SET @OLD_SQL_MODE=@@SQL_MODE, SQL_MODE='NO_AUTO_VALUE_ON_ZERO' */;
/*!40111 SET @OLD_SQL_NOTES=@@SQL_NOTES, SQL_NOTES=0 */;
CREATE DATABASE /*!32312 IF NOT EXISTS*/`rbac` /*!40100 DEFAULT CHARACTER SET utf8mb4 */;

USE `rbac`;

/*Table structure for table `base_message` */

DROP TABLE IF EXISTS `base_message`;

CREATE TABLE `base_message` (
  `id` bigint(20) NOT NULL AUTO_INCREMENT,
  `title` varchar(150) NOT NULL COMMENT '留言标题',
  `content` text NOT NULL COMMENT '留言内容',
  `ip` varchar(255) DEFAULT NULL COMMENT '留言者IP',
  `location` varchar(255) DEFAULT NULL COMMENT '留言人地理位置',
  `create_time` datetime DEFAULT NULL COMMENT '创建时间',
  `is_show` int(2) DEFAULT '1' COMMENT '是否公开：0私密，1公开',
  `creator` varchar(50) NOT NULL COMMENT '创建人',
  PRIMARY KEY (`id`)
) ENGINE=InnoDB AUTO_INCREMENT=24 DEFAULT CHARSET=utf8mb4;

/*Data for the table `base_message` */

insert  into `base_message`(`id`,`title`,`content`,`ip`,`location`,`create_time`,`is_show`,`creator`) values (1,'我的第一条留言信息','<p></p><div><img src=\"http://localhost:8080/resources/layui/images/face/2.gif\" alt=\"[哈哈]\"><br></div><p><span>《弗林德斯大学毕业证》【微/Q:194107318】《Flinders学历文凭》【WeChat:194107318】原版制作《大学毕业证书成绩单、学历证明》【留信网认证，本科，硕士，海归，博士，排名，成绩单】代办国外（海外）澳洲英国、澳洲、韩国、美国、新西兰等各大学毕业证。</span></p><span>《弗林德斯大学学位证》【微/Q:194107318——WeChat:194107318】《弗林德斯大学学历》【留信网认证，本科，硕士，海归，博士，排名，成绩单】代办国外（海外）澳洲、英国、澳洲、韩国、美国、新西兰等各Cumbria坎布里亚大学毕业证。十五年致力于帮助留学生解决无法毕业，无法认证真实的难题；并帮助留学生制作国外大学毕业证（微，Q:194107318），成绩单，真实认证、成绩单以及回国所需的真实学位真实认证。</span><br><span>《弗林德斯本科毕业证书》【WeChat::194107318】《大学成绩单、学历证明》中新网客户端11月21日电(李金磊)交通运输部会同国家发改委21日印发《关于深化道路运输价格改革的意见》，明确符合条件的儿童乘坐客运班车享受免费乘车或者客票半价优待。在儿童身高标准基础上，增加以年龄为依据的儿童票、免票划分标准。</span><br><span>具体条件为：每一成人旅客可携带1名6周岁(含6周岁)以下或者身高1.2米(含1.2米)以下、且不单独占用座位的儿童免费乘车，需单独占用座位或者超过1名时超过的人数执行客票半价优待，并提供座位；6～14周岁或者身高为1.2～1.5米的儿童乘车执行客票半价优待，并提供座位。</span><p></p>','125.123.123','江西','2019-11-23 17:31:50',1,'系统管理员'),(2,'我的第二条留言信息','<p><b>我的第二条留言信息<img src=\"http://localhost:8080/resources/layui/images/face/26.gif\" alt=\"[怒]\"></b></p><p><i>layer</i>是一款近年来备受青睐的web弹层组件，她具备全方位的解决方案，致力于服务各水平段的开发人员，您的页面会轻松地拥有丰富友好的操作体验。</p><p>在与同类组件的比较中，<i>layer</i>总是能轻易获胜。她尽可能地在以更少的代码展现更强健的功能，且格外注重性能的提升、易用和实用性，正因如此，越来越多的开发者将媚眼投上了<i>layer</i>（已被<em id=\"sees\">10215887</em>人次关注）。<i>layer</i>&nbsp;甚至兼容了包括 IE6 在内的所有主流浏览器。她数量可观的接口，使得您可以自定义太多您需要的风格，每一种弹层模式各具特色，广受欢迎。当然，这种“王婆卖瓜”的陈述听起来总是有点难受，因此你需要进一步了解她是否真的如你所愿。</p><p><i>layer</i>&nbsp;采用 MIT 开源许可证，<em>将会永久性提供无偿服务</em>。因着数年的坚持维护，截至到2017年9月13日，已运用在超过&nbsp;<em>30万</em>&nbsp;家 Web 平台，其中不乏众多知名大型网站。目前 layer 已经成为国内乃至全世界最多人使用的 Web 弹层解决方案，并且她仍在与 Layui 一并高速发展。<a href=\"http://fly.layui.com/\" target=\"_blank\"><em>Fly</em></a></p>','0:0:0:0:0:0:0:1','内网IP|0|0|内网IP|内网IP','2019-11-23 18:45:24',1,'zhangyukang'),(3,'我的第三条留言 信息[泪]','<p>我的第三条留言 信息<img src=\"http://localhost:8080/resources/layui/images/face/12.gif\" alt=\"[泪]\"></p>','0:0:0:0:0:0:0:1','内网IP|0|0|内网IP|内网IP','2019-11-23 18:47:13',1,'zhangyukang'),(4,'我的第四条留言信息','<p>我的第四条留言信息<img src=\"http://localhost:8080/resources/layui/images/face/36.gif\" alt=\"[酷]\"></p>','0:0:0:0:0:0:0:1','内网IP|0|0|内网IP|内网IP','2019-11-23 18:48:11',1,'zhangyukang'),(5,'我的第五条留言信息','<p>我的第五条留言信息<img src=\"http://localhost:8080/resources/layui/images/face/14.gif\" alt=\"[亲亲]\"></p>','0:0:0:0:0:0:0:1','内网IP|0|0|内网IP|内网IP','2019-11-23 18:49:46',1,'zhangyukang'),(17,' 2019年11月11日 完成角色的CRUD，以及角色的权限分配。','121213','127.0.0.1','内网IP|0|0|内网IP|内网IP','2019-11-23 19:28:04',1,'zhangyukang'),(18,'项目基础框架采用全新的Java Web开发框架 ','<img src=\"http://localhost:8080/resources/layui/images/face/0.gif\" alt=\"[微笑]\">','127.0.0.1','内网IP|0|0|内网IP|内网IP','2019-11-23 19:28:29',1,'zhangyukang'),(19,'2019年11月13日 根据角色获取菜单动态生成菜单。','1<img src=\"undefined\" alt=\"undefined\">','127.0.0.1','内网IP|0|0|内网IP|内网IP','2019-11-23 19:51:17',1,'zhangyukang'),(20,'7. 2019年11月15日 使用AOP切面实现系统操作日志。','<p><img src=\"http://coderman.oss-cn-beijing.aliyuncs.com/img/rbac/15745104523947d26db71-6754-4ad4-bfcc-7dadc654a424index.png?Expires=1669118468&amp;OSSAccessKeyId=LTAI6EW8bTwlXoZD&amp;Signature=xhnkuHGOOD5UgZp9nNfInEv3Vpc%3D\" alt=\"undefined\"></p><p>范德萨发达范德萨发送到</p>','127.0.0.1','内网IP|0|0|内网IP|内网IP','2019-11-23 20:01:26',1,'zhangyukang'),(21,' 2019年11月16日 解决ip2region，在maven打成jar包路径错误的问题。','<p><img src=\"http://coderman.oss-cn-beijing.aliyuncs.com/img/rbac/15745104523947d26db71-6754-4ad4-bfcc-7dadc654a424index.pngaf3e6427-f160-4b8a-8bc2-381dcdd7b767u%3D731047291%2C2926292388%26fm%3D26%26gp%3D0.jpg?Expires=1669118539&amp;OSSAccessKeyId=LTAI6EW8bTwlXoZD&amp;Signature=IjuIY2l%2BD4rTgDhspAy59k1jvTE%3D\" alt=\"undefined\"></p><p>美滋滋</p>','127.0.0.1','内网IP|0|0|内网IP|内网IP','2019-11-23 20:02:32',1,'zhangyukang'),(22,'CoderMan_RBAC是一个简单高效的后台权限管理系统。','<p><i><img src=\"http://localhost:8080/resources/layui/images/face/1.gif\" alt=\"[嘻嘻]\"><img src=\"http://localhost:8080/resources/layui/images/face/15.gif\" alt=\"[生病]\"></i><i><img src=\"http://localhost:8080/resources/layui/images/face/1.gif\" alt=\"[嘻嘻]\"><img src=\"http://localhost:8080/resources/layui/images/face/15.gif\" alt=\"[生病]\"><img src=\"http://localhost:8080/resources/layui/images/face/26.gif\" alt=\"[怒]\"></i></p><p><br></p><p><i>layer</i>是一款近年来备受青睐的web弹层组件，她具备全方位的解决方案，致力于服务各水平段的开发人员，您的页面会轻松地拥有丰富友好的操作体验。</p><p>在与同类组件的比较中，<i>layer</i>总是能轻易获胜。她尽可能地在以更少的代码展现更强健的功能，且格外注重性能的提升、易用和实用性，正因如此，越来越多的开发者将媚眼投上了<i>layer</i>（已被<em id=\"sees\">10215887</em>人次关注）。<i>layer</i>&nbsp;甚至兼容了包括 IE6 在内的所有主流浏览器。她数量可观的接口，使得您可以自定义太多您需要的风格，每一种弹层模式各具特色，广受欢迎。当然，这种“王婆卖瓜”的陈述听起来总是有点难受，因此你需要进一步了解她是否真的如你所愿。</p><p><i>layer</i>&nbsp;采用 MIT 开源许可证，<em>将会永久性提供无偿服务</em>。因着数年的坚持维护，截至到2017年9月13日，已运用在超过&nbsp;<em>30万</em>&nbsp;家 Web 平台，其中不乏众多知名大型网站。目前 layer 已经成为国内乃至全世界最多人使用的 Web 弹层解决方案，并且她仍在与 Layui 一并高速发展。<a href=\"http://fly.layui.com/\" target=\"_blank\"><em>Fly</em></a></p>','127.0.0.1','内网IP|0|0|内网IP|内网IP','2019-11-23 20:18:07',1,'zhangyukang'),(23,'Mon Nov 25 20:27:53 CST 2019，完成用户密码的修改','<p><i><u>Mon Nov 25 20:27:53 CST 2019，完成用户密码的修改<img src=\"http://122.51.207.186/resources/layui/images/face/1.gif\" alt=\"[嘻嘻]\"></u></i></p><pre><b><span>/**<br></span><span> * </span><span>更新用户<br></span><span> </span><span>* </span><span>@param </span><span>userVo<br></span><span> </span><span>* </span><span>@return<br></span><span> </span><span>*/<br></span><span>@RequiresPermissions</span>({<span>\"user:update\"</span>})<br><span>@PostMapping</span>(<span>\"/update\"</span>)<br><span>@ControllerEndpoint</span>(<span>exceptionMessage </span>= <span>\"</span><span>修改用户失败</span><span>\"</span><span>,</span><span>operation </span>=<span>\"</span><span>修改用户</span><span>\"</span>)<br><span>public </span>ResultVo <span>update</span>(UserVo userVo){<br>    <span>try </span>{<br>        <span>//</span><span>验证用户名是否被占用<br></span><span>        </span><span>if</span>(nameIsUsed(userVo)){<br>            <span>return </span>ResultVo.<span>ERROR</span>(ResultEnum.<span>NAME_IS_USED</span>)<span>;<br></span><span>        </span>}<br>        <span>userService</span>.update(userVo)<span>;<br></span><span>        return new </span>ResultVo().<span>OK</span>(ResultEnum.<span>UPDATE_SUCCESS</span>)<span>;<br></span><span>    </span>} <span>catch </span>(Exception e) {<br>        <span>return new </span>ResultVo().<span>ERROR</span>(ResultEnum.<span>UPDATE_FAIL</span>)<span>;<br></span><span>    </span>}<br>}<br><br><span>/**<br></span><span> * </span><span>判断用户名是否被占用<br></span><span> </span><span>* </span><span>@return<br></span><span> </span><span>*/<br></span><span>private boolean </span><span>nameIsUsed</span>(UserVo userVo) {<br>    <span>return </span><span>userService</span>.nameIsUsed(userVo)<span>;<br></span>}<br><br><span>/**<br></span><span> * </span><span>添加用户<br></span><span> </span><span>* </span><span>@param </span><span>userVo<br></span><span> </span><span>* </span><span>@return<br></span><span> </span><span>*/<br></span><span>@RequiresPermissions</span>({<span>\"user:add\"</span>})<br><span>@PostMapping</span>(<span>\"/add\"</span>)<br><span>@ControllerEndpoint</span>(<span>exceptionMessage </span>= <span>\"</span><span>添加用户失败</span><span>\"</span><span>,</span><span>operation </span>=<span>\"</span><span>添加用户</span><span>\"</span>)<br><span>public </span>ResultVo <span>add</span>(UserVo userVo){<br>    <span>try </span>{<br>        <span>//</span><span>验证用户名是否被占用<br></span><span>        </span><span>if</span>(nameIsUsed(userVo)){<br>            <span>return </span>ResultVo.<span>ERROR</span>(ResultEnum.<span>NAME_IS_USED</span>)<span>;<br></span><span>        </span>}<br>        <span>userService</span>.add(userVo)<span>;<br></span><span>        return </span>ResultVo.<span>OK</span>(ResultEnum.<span>ADD_SUCCESS</span>)<span>;<br></span><span>    </span>} <span>catch </span>(Exception e) {<br>        e.printStackTrace()<span>;<br></span><span>        return </span>ResultVo.<span>OK</span>(ResultEnum.<span>ADD_FAIL</span>)<span>;<br></span><span>    </span>}<br>}</b></pre>','223.83.126.184','中国|华东|江西省|九江市|移动','2019-11-25 20:28:26',1,'小章鱼鸭');

/*Table structure for table `job_sick_paper` */

DROP TABLE IF EXISTS `job_sick_paper`;

CREATE TABLE `job_sick_paper` (
  `id` bigint(20) NOT NULL AUTO_INCREMENT COMMENT 'id',
  `title` varchar(200) NOT NULL COMMENT '请假单标题',
  `content` text NOT NULL COMMENT '请假单内容',
  `days` int(255) NOT NULL COMMENT '请假天数',
  `start` date NOT NULL COMMENT '开始日期',
  `end` date NOT NULL COMMENT '结束日期',
  `user_id` bigint(20) NOT NULL COMMENT '请假人',
  `status` int(10) NOT NULL DEFAULT '0' COMMENT '审批状态：0：未提交，1：已提交，2：审批中，3：通过，4：未通过，5：放弃',
  `create_time` datetime DEFAULT NULL COMMENT '创建时间',
  `modified_time` datetime DEFAULT NULL COMMENT '修改时间',
  PRIMARY KEY (`id`)
) ENGINE=InnoDB AUTO_INCREMENT=37 DEFAULT CHARSET=utf8mb4;

/*Data for the table `job_sick_paper` */

insert  into `job_sick_paper`(`id`,`title`,`content`,`days`,`start`,`end`,`user_id`,`status`,`create_time`,`modified_time`) values (30,'和女友去约会','<p><img src=\"http://117.50.100.8/resources/layui/images/face/37.gif\" alt=\"[色]\">和女友去约会，上级领导拜托了~</p>',2,'2019-12-04','2019-12-06',38,2,'2019-12-02 11:49:30','2019-12-02 11:49:30'),(31,'孩子得了痔疮。','<p><img src=\"http://117.50.100.8/resources/layui/images/face/15.gif\" alt=\"[生病]\">孩子得了痔疮，求上级领导通融，放假几天。</p>',7,'2019-12-05','2019-12-12',38,5,'2019-12-02 11:54:12','2019-12-02 11:54:12'),(32,'老婆生孩子','<p><img src=\"http://117.50.100.8/resources/layui/images/face/1.gif\" alt=\"[嘻嘻]\">老婆生孩子</p>',1,'2019-12-06','2019-12-07',38,2,'2019-12-02 11:58:25','2019-12-02 11:58:25'),(33,'女朋友约会','<p><img src=\"http://117.50.100.8/resources/layui/images/face/37.gif\" alt=\"[色]\">和女朋友约会，希望上级批准</p>',8,'2019-12-05','2019-12-13',34,2,'2019-12-03 10:38:15','2019-12-03 10:38:15'),(34,'得了痔疮需要做手术','<p><img src=\"http://117.50.100.8/resources/layui/images/face/15.gif\" alt=\"[生病]\">得了痔疮需要做手术</p>',2,'2019-12-05','2019-12-07',38,2,'2019-12-03 10:43:03','2019-12-03 10:43:03'),(35,'朋友得了脑梗去看望~','<p><img src=\"http://117.50.100.8/resources/layui/images/face/12.gif\" alt=\"[泪]\">朋友得了脑梗去看望~</p>',2,'2019-12-05','2019-12-07',38,0,'2019-12-03 10:57:30','2019-12-03 10:57:30'),(36,'家里有事','<p><img src=\"http://117.50.100.8/resources/layui/images/face/41.gif\" alt=\"[悲伤]\">家里有事</p>',8,'2019-12-03','2019-12-11',38,0,'2019-12-03 10:58:19','2019-12-03 10:58:19');

/*Table structure for table `sys_dept` */

DROP TABLE IF EXISTS `sys_dept`;

CREATE TABLE `sys_dept` (
  `id` bigint(20) NOT NULL AUTO_INCREMENT COMMENT '部门ID',
  `parent_id` bigint(20) NOT NULL COMMENT '上级部门ID',
  `dept_name` varchar(100) NOT NULL COMMENT '部门名称',
  `order_number` bigint(20) DEFAULT NULL COMMENT '排序',
  `create_time` datetime DEFAULT NULL COMMENT '创建时间',
  `modified_time` datetime DEFAULT NULL COMMENT '修改时间',
  `remark` varchar(255) DEFAULT NULL COMMENT '部门备注',
  `phone` varchar(255) DEFAULT NULL COMMENT '电话',
  `count` bigint(20) DEFAULT NULL COMMENT '部门人数',
  `address` varchar(255) DEFAULT NULL COMMENT '部门地址',
  `is_open` int(2) DEFAULT '0' COMMENT '0:不展开，1：展开',
  `dept_num` varchar(100) NOT NULL COMMENT '部门编号',
  PRIMARY KEY (`id`) USING BTREE
) ENGINE=InnoDB AUTO_INCREMENT=25 DEFAULT CHARSET=utf8 ROW_FORMAT=DYNAMIC COMMENT='部门表';

/*Data for the table `sys_dept` */

insert  into `sys_dept`(`id`,`parent_id`,`dept_name`,`order_number`,`create_time`,`modified_time`,`remark`,`phone`,`count`,`address`,`is_open`,`dept_num`) values (1,23,'开发部',1,'2019-11-23 17:03:39','2019-11-23 17:03:39','开发人员','13426528317',1,'北京',0,'AXSE_1'),(2,1,'开发一部',1,'2019-06-14 20:58:46','2019-11-13 11:41:50','开发人员','13426528317',1,'北京',1,'AXSE_1'),(3,1,'开发二部',2,'2019-06-14 20:58:56','2019-11-13 11:41:48','开发人员','13426528317',1,'北京',1,'AXSE_1'),(4,0,'采购部',2,'2019-11-13 13:58:07','2019-11-13 13:58:07','开发人员','13426528317',1,'北京',0,'AXSE_1'),(5,0,'财务部',3,'2019-11-13 14:09:19','2019-11-13 14:09:35','开发人员','13426528317',1,'北京',0,'AXSE_1'),(6,0,'销售部',4,'2019-11-13 14:10:50','2019-11-13 14:10:52','开发人员','13426528317',1,'北京',0,'AXSE_1'),(7,0,'工程部',5,'2019-11-13 14:11:03','2019-11-13 14:11:04','开发人员','13426528317',1,'北京',0,'AXSE_1'),(8,0,'行政部',6,'2019-11-13 14:11:54','2019-11-13 14:11:55','开发人员','13426528317',1,'北京',0,'AXSE_1'),(9,0,'研发部',8,'2019-11-16 12:34:58','2019-11-16 12:34:58','开发人员','13426528317',1,'北京',0,'AXSE_1'),(10,0,'系统部',7,'2019-11-13 14:13:49','2019-11-13 14:13:49','开发人员','13426528317',1,'北京',0,'AXSE_1'),(11,4,'采购一部',1,'2019-11-15 11:19:07','2019-11-15 11:19:07','采购一部','13426528317',1,'上海',0,'AXSE_1'),(12,5,'财务一部',1,'2019-11-13 14:20:53','2019-11-13 14:20:53','财务一部','13426528614',1,'重庆',0,'AXSE_1'),(13,6,'销售一部',1,'2019-11-20 11:58:01','2019-11-20 11:58:01','销售一部','15279438564',1,'江西',1,'AXSE_1'),(15,7,'工程一部',1,'2019-11-13 14:22:09','2019-11-13 14:22:09','工程一部','13426528645',1,'江苏',0,'AXSE_1'),(16,8,'行政一部',7,'2019-11-13 14:39:30','2019-11-13 14:39:30','行政一部','18256457852',1,'重庆',0,'AXSE_1'),(17,10,'系统一部',8,'2019-11-13 14:39:03','2019-11-13 14:39:03','系统一部','15245263652',1,'湖南',0,'AXSE_1'),(18,9,'人力资源一部',9,'2019-11-13 14:39:20','2019-11-13 14:39:20','人力资源一部','18256452536',1,'上海',0,'AXSE_1'),(19,0,'测试部',11,'2019-11-16 10:49:17','2019-11-16 10:49:17','测试部','15079437282',3,'上海',0,'AXSE_1'),(20,19,'测试一部',12,NULL,NULL,'测试部','15079438256',3,'北京',1,'AXSE_1'),(21,0,'市场部',12,'2019-11-16 12:46:43','2019-11-16 12:46:43','天津市场部','16325565632',3,'天津',0,'AXSE_1'),(22,21,'市场一部',13,'2019-11-16 12:48:28','2019-11-16 12:48:28','市场一部。','13452653214',3,'扬州市',1,'AXSE_1'),(23,0,'总部',1,'2019-11-25 21:11:39','2019-11-25 21:11:39','码农部','13462563256',NULL,'江西',0,'KFDASF'),(24,1,'开发三部',3,'2019-11-23 17:00:50','2019-11-23 17:00:50','开发三部','15076524512',NULL,'武汉',1,'KDAFDS-F3');

/*Table structure for table `sys_log` */

DROP TABLE IF EXISTS `sys_log`;

CREATE TABLE `sys_log` (
  `id` bigint(20) NOT NULL AUTO_INCREMENT COMMENT '日志ID',
  `user_name` varchar(50) DEFAULT NULL COMMENT '操作用户',
  `operation` text COMMENT '操作内容',
  `time` decimal(11,0) DEFAULT NULL COMMENT '耗时',
  `method` text COMMENT '操作方法',
  `params` text COMMENT '方法参数',
  `ip` varchar(64) DEFAULT NULL COMMENT '操作者IP',
  `create_time` datetime DEFAULT NULL COMMENT '创建时间',
  `location` varchar(50) DEFAULT NULL COMMENT '操作地点',
  PRIMARY KEY (`id`) USING BTREE
) ENGINE=InnoDB AUTO_INCREMENT=1321 DEFAULT CHARSET=utf8 ROW_FORMAT=DYNAMIC COMMENT='操作日志表';

/*Data for the table `sys_log` */

insert  into `sys_log`(`id`,`user_name`,`operation`,`time`,`method`,`params`,`ip`,`create_time`,`location`) values (1055,'zhangyukang','修改用户','901','com.coderman.rbac.sys.controller.UserController.update()','role=[草鸡管理员],permission=[任何权限],time=[Sat Nov 16 11:07:21 CST 2019]','127.0.0.1','2019-11-16 11:07:22','内网IP|0|0|内网IP|内网IP'),(1056,'zhangyukang','修改用户','122','com.coderman.rbac.sys.controller.UserController.update()','role=[草鸡管理员],permission=[任何权限],time=[Sat Nov 16 11:12:48 CST 2019]','127.0.0.1','2019-11-16 11:12:48','内网IP|0|0|内网IP|内网IP'),(1057,'zhangyukang','分配菜单/按钮','222','com.coderman.rbac.sys.controller.RoleController.updateRoleMenu()','role=[草鸡管理员],permission=[任何权限],time=[Sat Nov 16 11:13:28 CST 2019]','127.0.0.1','2019-11-16 11:13:28','内网IP|0|0|内网IP|内网IP'),(1058,'zhangyukang','修改角色','70','com.coderman.rbac.sys.controller.RoleController.update()','role=[草鸡管理员],permission=[任何权限],time=[Sat Nov 16 11:13:32 CST 2019]','127.0.0.1','2019-11-16 11:13:33','内网IP|0|0|内网IP|内网IP'),(1059,'zhangyukang','删除角色','61','com.coderman.rbac.sys.controller.RoleController.delete()','role=[草鸡管理员],permission=[任何权限],time=[Sat Nov 16 11:13:35 CST 2019]','127.0.0.1','2019-11-16 11:13:36','内网IP|0|0|内网IP|内网IP'),(1060,'zhangyukang','删除角色','33','com.coderman.rbac.sys.controller.RoleController.delete()','role=[草鸡管理员],permission=[任何权限],time=[Sat Nov 16 11:13:38 CST 2019]','127.0.0.1','2019-11-16 11:13:39','内网IP|0|0|内网IP|内网IP'),(1061,'zhangyukang','删除菜单/按钮','1263','com.coderman.rbac.sys.controller.MenuController.delete()','role=[草鸡管理员],permission=[任何权限],time=[Sat Nov 16 12:33:54 CST 2019]','127.0.0.1','2019-11-16 12:33:54','内网IP|0|0|内网IP|内网IP'),(1062,'zhangyukang','删除菜单/按钮','999','com.coderman.rbac.sys.controller.MenuController.delete()','role=[草鸡管理员],permission=[任何权限],time=[Sat Nov 16 12:34:16 CST 2019]','127.0.0.1','2019-11-16 12:34:17','内网IP|0|0|内网IP|内网IP'),(1063,'zhangyukang','删除菜单/按钮','546','com.coderman.rbac.sys.controller.MenuController.delete()','role=[草鸡管理员],permission=[任何权限],time=[Sat Nov 16 12:34:21 CST 2019]','127.0.0.1','2019-11-16 12:34:22','内网IP|0|0|内网IP|内网IP'),(1064,'zhangyukang','修改部门','2515','com.coderman.rbac.sys.controller.DepartmentController.update()','role=[草鸡管理员],permission=[任何权限],time=[Sat Nov 16 12:35:00 CST 2019]','127.0.0.1','2019-11-16 12:35:01','内网IP|0|0|内网IP|内网IP'),(1065,'zhangyukang','添加菜单/按钮','1736','com.coderman.rbac.sys.controller.MenuController.add()','role=[草鸡管理员],permission=[任何权限],time=[Sat Nov 16 12:37:14 CST 2019]','127.0.0.1','2019-11-16 12:37:14','内网IP|0|0|内网IP|内网IP'),(1066,'zhangyukang','更新菜单/按钮','809','com.coderman.rbac.sys.controller.MenuController.update()','role=[草鸡管理员],permission=[任何权限],time=[Sat Nov 16 12:37:26 CST 2019]','127.0.0.1','2019-11-16 12:37:27','内网IP|0|0|内网IP|内网IP'),(1067,'zhangyukang','修改用户','106','com.coderman.rbac.sys.controller.UserController.update()','role=[草鸡管理员],permission=[任何权限],time=[Sat Nov 16 12:41:58 CST 2019]','127.0.0.1','2019-11-16 12:41:59','内网IP|0|0|内网IP|内网IP'),(1068,'zhangyukang','修改用户','130','com.coderman.rbac.sys.controller.UserController.update()','role=[草鸡管理员],permission=[任何权限],time=[Sat Nov 16 12:42:14 CST 2019]','127.0.0.1','2019-11-16 12:42:14','内网IP|0|0|内网IP|内网IP'),(1069,'zhangyukang','修改用户','171','com.coderman.rbac.sys.controller.UserController.update()','role=[草鸡管理员],permission=[任何权限],time=[Sat Nov 16 12:42:24 CST 2019]','127.0.0.1','2019-11-16 12:42:25','内网IP|0|0|内网IP|内网IP'),(1070,'zhangyukang','添加用户','107','com.coderman.rbac.sys.controller.UserController.add()','role=[草鸡管理员],permission=[任何权限],time=[Sat Nov 16 12:42:58 CST 2019]','127.0.0.1','2019-11-16 12:42:58','内网IP|0|0|内网IP|内网IP'),(1071,'zhangyukang','添加用户','359','com.coderman.rbac.sys.controller.UserController.add()','role=[草鸡管理员],permission=[任何权限],time=[Sat Nov 16 12:43:29 CST 2019]','127.0.0.1','2019-11-16 12:43:29','内网IP|0|0|内网IP|内网IP'),(1072,'zhangyukang','添加部门','104','com.coderman.rbac.sys.controller.DepartmentController.add()','role=[草鸡管理员],permission=[任何权限],time=[Sat Nov 16 12:45:49 CST 2019]','127.0.0.1','2019-11-16 12:45:50','内网IP|0|0|内网IP|内网IP'),(1073,'zhangyukang','添加部门','47','com.coderman.rbac.sys.controller.DepartmentController.add()','role=[草鸡管理员],permission=[任何权限],time=[Sat Nov 16 12:46:30 CST 2019]','127.0.0.1','2019-11-16 12:46:31','内网IP|0|0|内网IP|内网IP'),(1074,'zhangyukang','修改部门','13','com.coderman.rbac.sys.controller.DepartmentController.update()','role=[草鸡管理员],permission=[任何权限],time=[Sat Nov 16 12:46:43 CST 2019]','127.0.0.1','2019-11-16 12:46:43','内网IP|0|0|内网IP|内网IP'),(1075,'zhangyukang','修改部门','131','com.coderman.rbac.sys.controller.DepartmentController.update()','role=[草鸡管理员],permission=[任何权限],time=[Sat Nov 16 12:48:27 CST 2019]','127.0.0.1','2019-11-16 12:48:28','内网IP|0|0|内网IP|内网IP'),(1076,'zhangyukang','添加菜单/按钮','933','com.coderman.rbac.sys.controller.MenuController.add()','role=[草鸡管理员],permission=[任何权限],time=[Sat Nov 16 13:34:08 CST 2019]','127.0.0.1','2019-11-16 13:34:08','内网IP|0|0|内网IP|内网IP'),(1077,'zhangyukang','删除菜单/按钮','272','com.coderman.rbac.sys.controller.MenuController.delete()','role=[草鸡管理员],permission=[任何权限],time=[Sat Nov 16 13:45:06 CST 2019]','127.0.0.1','2019-11-16 13:45:07','内网IP|0|0|内网IP|内网IP'),(1078,'zhangyukang','修改用户','115','com.coderman.rbac.sys.controller.UserController.update()','role=[草鸡管理员],permission=[任何权限],time=[Sat Nov 16 17:32:31 CST 2019]','127.0.0.1','2019-11-16 17:32:32','内网IP|0|0|内网IP|内网IP'),(1079,'zhangyukang','修改用户','65','com.coderman.rbac.sys.controller.UserController.update()','role=[草鸡管理员],permission=[任何权限],time=[Sat Nov 16 17:32:42 CST 2019]','127.0.0.1','2019-11-16 17:32:43','内网IP|0|0|内网IP|内网IP'),(1080,'zhangyukang','用户锁定/解锁','73','com.coderman.rbac.sys.controller.UserController.lock()','role=[草鸡管理员],permission=[任何权限],time=[Sat Nov 16 17:32:46 CST 2019]','127.0.0.1','2019-11-16 17:32:46','内网IP|0|0|内网IP|内网IP'),(1081,'zhangyukang','修改用户','1221','com.coderman.rbac.sys.controller.UserController.update()','role=[草鸡管理员],permission=[任何权限],time=[Sun Nov 17 09:29:37 CST 2019]','127.0.0.1','2019-11-17 09:29:38','内网IP|0|0|内网IP|内网IP'),(1082,'zhangyukang','修改用户','607','com.coderman.rbac.sys.controller.UserController.update()','role=[草鸡管理员],permission=[任何权限],time=[Sun Nov 17 09:29:42 CST 2019]','127.0.0.1','2019-11-17 09:29:43','内网IP|0|0|内网IP|内网IP'),(1083,'zhangyukang','修改用户','602','com.coderman.rbac.sys.controller.UserController.update()','role=[草鸡管理员],permission=[任何权限],time=[Sun Nov 17 09:35:45 CST 2019]','127.0.0.1','2019-11-17 09:35:46','内网IP|0|0|内网IP|内网IP'),(1084,'zhangyukang','修改用户','113','com.coderman.rbac.sys.controller.UserController.update()','role=[草鸡管理员],permission=[任何权限],time=[Sun Nov 17 09:35:46 CST 2019]','127.0.0.1','2019-11-17 09:35:47','内网IP|0|0|内网IP|内网IP'),(1086,'zhangyukang','重置用户','27712','com.coderman.rbac.sys.controller.UserController.reSetUser()','role=[草鸡管理员],permission=[任何权限],time=[Sun Nov 17 10:50:04 CST 2019]','127.0.0.1','2019-11-17 10:50:04','内网IP|0|0|内网IP|内网IP'),(1087,'zhangyukang','修改用户','463','com.coderman.rbac.sys.controller.UserController.update()','role=[草鸡管理员],permission=[任何权限],time=[Sun Nov 17 10:50:30 CST 2019]','127.0.0.1','2019-11-17 10:50:31','内网IP|0|0|内网IP|内网IP'),(1088,'justin','修改用户','438','com.coderman.rbac.sys.controller.UserController.update()','role=[java程序员],permission=,time=[Sun Nov 17 10:51:24 CST 2019]','127.0.0.1','2019-11-17 10:51:25','内网IP|0|0|内网IP|内网IP'),(1089,'zhangyukang','更新菜单/按钮','579','com.coderman.rbac.sys.controller.MenuController.update()','role=[草鸡管理员],permission=[任何权限],time=[Sun Nov 17 10:52:57 CST 2019]','127.0.0.1','2019-11-17 10:52:58','内网IP|0|0|内网IP|内网IP'),(1090,'zhangyukang','分配角色','115','com.coderman.rbac.sys.controller.UserController.giveUserRoles()','role=[草鸡管理员],permission=[任何权限],time=[Sun Nov 17 21:48:22 CST 2019]','127.0.0.1','2019-11-17 21:48:23','内网IP|0|0|内网IP|内网IP'),(1091,'zhangyukang','重置用户','91','com.coderman.rbac.sys.controller.UserController.reSetUser()','role=[草鸡管理员],permission=[任何权限],time=[Sun Nov 17 21:49:26 CST 2019]','127.0.0.1','2019-11-17 21:49:26','内网IP|0|0|内网IP|内网IP'),(1096,'zhangyukang','用户锁定/解锁','12','com.coderman.rbac.sys.controller.UserController.lock()','role=[草鸡管理员],permission=[任何权限],time=[Mon Nov 18 15:52:45 CST 2019]','223.83.124.189','2019-11-18 15:52:46','中国|华东|江西省|九江市|移动'),(1097,'zhangyukang','重置用户','12','com.coderman.rbac.sys.controller.UserController.reSetUser()','role=[草鸡管理员],permission=[任何权限],time=[Mon Nov 18 16:02:50 CST 2019]','223.83.124.189','2019-11-18 16:02:50','中国|华东|江西省|九江市|移动'),(1098,'zhangyukang','修改用户','7','com.coderman.rbac.sys.controller.UserController.update()','role=[草鸡管理员],permission=[任何权限],time=[Mon Nov 18 16:08:01 CST 2019]','223.83.124.189','2019-11-18 16:08:01','中国|华东|江西省|九江市|移动'),(1099,'zhangyukang','用户锁定/解锁','8','com.coderman.rbac.sys.controller.UserController.lock()','role=[草鸡管理员],permission=[任何权限],time=[Mon Nov 18 16:08:07 CST 2019]','223.83.124.189','2019-11-18 16:08:07','中国|华东|江西省|九江市|移动'),(1100,'zhangyukang','分配菜单/按钮','57','com.coderman.rbac.sys.controller.RoleController.updateRoleMenu()','role=[草鸡管理员],permission=[任何权限],time=[Tue Nov 19 20:04:52 CST 2019]','223.83.124.50','2019-11-19 20:04:52','中国|华东|江西省|九江市|移动'),(1101,'zhangyukang','分配菜单/按钮','50','com.coderman.rbac.sys.controller.RoleController.updateRoleMenu()','role=[草鸡管理员],permission=[任何权限],time=[Wed Nov 20 09:28:28 CST 2019]','123.120.172.71','2019-11-20 09:28:29','中国|华北|北京市|北京市|联通'),(1102,'zhangyukang','删除用户','35','com.coderman.rbac.sys.controller.UserController.delete()','role=[草鸡管理员],permission=[任何权限],time=[Wed Nov 20 11:56:50 CST 2019]','218.65.11.220','2019-11-20 11:56:50','中国|华东|江西省|九江市|电信'),(1103,'zhangyukang','修改用户','32','com.coderman.rbac.sys.controller.UserController.update()','role=[草鸡管理员],permission=[任何权限],time=[Wed Nov 20 11:57:43 CST 2019]','218.65.11.220','2019-11-20 11:57:44','中国|华东|江西省|九江市|电信'),(1104,'zhangyukang','修改用户','11','com.coderman.rbac.sys.controller.UserController.update()','role=[草鸡管理员],permission=[任何权限],time=[Wed Nov 20 11:57:46 CST 2019]','218.65.11.220','2019-11-20 11:57:46','中国|华东|江西省|九江市|电信'),(1105,'zhangyukang','修改部门','68','com.coderman.rbac.sys.controller.DepartmentController.update()','role=[草鸡管理员],permission=[任何权限],time=[Wed Nov 20 11:58:01 CST 2019]','218.65.11.220','2019-11-20 11:58:01','中国|华东|江西省|九江市|电信'),(1106,'zhangyukang','分配角色','174','com.coderman.rbac.sys.controller.UserController.giveUserRoles()','role=[草鸡管理员],permission=[任何权限],time=[Thu Nov 21 12:32:38 CST 2019]','223.83.125.230','2019-11-21 12:32:39','中国|华东|江西省|九江市|移动'),(1107,'zhangyukang','分配菜单/按钮','114','com.coderman.rbac.sys.controller.RoleController.updateRoleMenu()','role=[草鸡管理员],permission=[任何权限],time=[Thu Nov 21 12:32:49 CST 2019]','223.83.125.230','2019-11-21 12:32:49','中国|华东|江西省|九江市|移动'),(1108,'zhangyukang','修改部门','329','com.coderman.rbac.sys.controller.DepartmentController.update()','role=[草鸡管理员],permission=[任何权限],time=[Fri Nov 22 15:54:18 CST 2019]','223.83.127.156','2019-11-22 15:54:19','中国|华东|江西省|九江市|移动'),(1109,'zhangyukang','添加部门','28','com.coderman.rbac.sys.controller.DepartmentController.add()','role=[草鸡管理员],permission=[任何权限],time=[Fri Nov 22 15:55:59 CST 2019]','223.83.127.156','2019-11-22 15:56:00','中国|华东|江西省|九江市|移动'),(1110,'zhangyukang','修改部门','36','com.coderman.rbac.sys.controller.DepartmentController.update()','role=[草鸡管理员],permission=[任何权限],time=[Fri Nov 22 15:56:09 CST 2019]','223.83.127.156','2019-11-22 15:56:10','中国|华东|江西省|九江市|移动'),(1111,'zhangyukang','添加角色','88','com.coderman.rbac.sys.controller.RoleController.add()','role=[草鸡管理员],permission=[任何权限],time=[Fri Nov 22 15:57:07 CST 2019]','223.83.127.156','2019-11-22 15:57:08','中国|华东|江西省|九江市|移动'),(1112,'zhangyukang','添加角色','55','com.coderman.rbac.sys.controller.RoleController.add()','role=[草鸡管理员],permission=[任何权限],time=[Fri Nov 22 15:57:31 CST 2019]','223.83.127.156','2019-11-22 15:57:32','中国|华东|江西省|九江市|移动'),(1113,'zhangyukang','添加角色','103','com.coderman.rbac.sys.controller.RoleController.add()','role=[草鸡管理员],permission=[任何权限],time=[Fri Nov 22 15:57:59 CST 2019]','223.83.127.156','2019-11-22 15:58:00','中国|华东|江西省|九江市|移动'),(1114,'zhangyukang','添加菜单/按钮','38','com.coderman.rbac.sys.controller.MenuController.add()','role=[草鸡管理员],permission=[任何权限],time=[Fri Nov 22 17:13:57 CST 2019]','221.221.156.239','2019-11-22 17:13:58','中国|华北|北京市|北京市|联通'),(1115,'zhangyukang','批量删除用户','67','com.coderman.rbac.sys.controller.UserController.batchDelete()','role=[草鸡管理员],permission=[任何权限],time=[Fri Nov 22 17:15:20 CST 2019]','114.249.219.180','2019-11-22 17:15:20','中国|华北|北京市|北京市|联通'),(1116,'zhangyukang','删除菜单/按钮','42','com.coderman.rbac.sys.controller.MenuController.delete()','role=[草鸡管理员],permission=[任何权限],time=[Fri Nov 22 22:04:21 CST 2019]','127.0.0.1','2019-11-22 22:04:22','内网IP|0|0|内网IP|内网IP'),(1117,'zhangyukang','添加用户','170','com.coderman.rbac.sys.controller.UserController.add()','role=[草鸡管理员],permission=[任何权限],time=[Sat Nov 23 10:25:04 CST 2019]','127.0.0.1','2019-11-23 10:25:05','内网IP|0|0|内网IP|内网IP'),(1118,'zhangyukang','添加用户','59','com.coderman.rbac.sys.controller.UserController.add()','role=[草鸡管理员],permission=[任何权限],time=[Sat Nov 23 11:19:06 CST 2019]','127.0.0.1','2019-11-23 11:19:06','内网IP|0|0|内网IP|内网IP'),(1119,'zhangyukang','修改用户','624','com.coderman.rbac.sys.controller.UserController.update()','role=[草鸡管理员],permission=[任何权限],time=[Sat Nov 23 11:54:05 CST 2019]','127.0.0.1','2019-11-23 11:54:05','内网IP|0|0|内网IP|内网IP'),(1120,'zhangyukang','修改用户','826','com.coderman.rbac.sys.controller.UserController.update()','role=[草鸡管理员],permission=[任何权限],time=[Sat Nov 23 11:56:37 CST 2019]','127.0.0.1','2019-11-23 11:56:37','内网IP|0|0|内网IP|内网IP'),(1121,'zhangyukang','修改用户','328','com.coderman.rbac.sys.controller.UserController.update()','role=[草鸡管理员],permission=[任何权限],time=[Sat Nov 23 11:57:28 CST 2019]','127.0.0.1','2019-11-23 11:57:29','内网IP|0|0|内网IP|内网IP'),(1122,'zhangyukang','添加用户','486','com.coderman.rbac.sys.controller.UserController.add()','role=[草鸡管理员],permission=[任何权限],time=[Sat Nov 23 11:59:46 CST 2019]','127.0.0.1','2019-11-23 11:59:47','内网IP|0|0|内网IP|内网IP'),(1123,'zhangyukang','添加用户','1640','com.coderman.rbac.sys.controller.UserController.add()','role=[草鸡管理员],permission=[任何权限],time=[Sat Nov 23 12:07:11 CST 2019]','127.0.0.1','2019-11-23 12:07:11','内网IP|0|0|内网IP|内网IP'),(1124,'zhangyukang','修改用户','998','com.coderman.rbac.sys.controller.UserController.update()','role=[草鸡管理员],permission=[任何权限],time=[Sat Nov 23 12:08:20 CST 2019]','127.0.0.1','2019-11-23 12:08:20','内网IP|0|0|内网IP|内网IP'),(1125,'zhangyukang','修改用户','144','com.coderman.rbac.sys.controller.UserController.update()','role=[草鸡管理员],permission=[任何权限],time=[Sat Nov 23 12:17:50 CST 2019]','127.0.0.1','2019-11-23 12:17:51','内网IP|0|0|内网IP|内网IP'),(1126,'zhangyukang','修改用户','23','com.coderman.rbac.sys.controller.UserController.update()','role=[草鸡管理员],permission=[任何权限],time=[Sat Nov 23 12:19:48 CST 2019]','127.0.0.1','2019-11-23 12:19:48','内网IP|0|0|内网IP|内网IP'),(1127,'zhangyukang','修改用户','137','com.coderman.rbac.sys.controller.UserController.update()','role=[草鸡管理员],permission=[任何权限],time=[Sat Nov 23 12:19:58 CST 2019]','127.0.0.1','2019-11-23 12:19:59','内网IP|0|0|内网IP|内网IP'),(1128,'zhangyukang','修改用户','117','com.coderman.rbac.sys.controller.UserController.update()','role=[草鸡管理员],permission=[任何权限],time=[Sat Nov 23 12:20:11 CST 2019]','127.0.0.1','2019-11-23 12:20:12','内网IP|0|0|内网IP|内网IP'),(1129,'zhangyukang','修改用户','131','com.coderman.rbac.sys.controller.UserController.update()','role=[草鸡管理员],permission=[任何权限],time=[Sat Nov 23 12:20:17 CST 2019]','127.0.0.1','2019-11-23 12:20:18','内网IP|0|0|内网IP|内网IP'),(1130,'zhangyukang','修改用户','22','com.coderman.rbac.sys.controller.UserController.update()','role=[草鸡管理员],permission=[任何权限],time=[Sat Nov 23 12:25:44 CST 2019]','127.0.0.1','2019-11-23 12:25:45','内网IP|0|0|内网IP|内网IP'),(1131,'zhangyukang','删除菜单/按钮','78','com.coderman.rbac.sys.controller.MenuController.delete()','role=[草鸡管理员],permission=[任何权限],time=[Sat Nov 23 16:22:09 CST 2019]','127.0.0.1','2019-11-23 16:22:10','内网IP|0|0|内网IP|内网IP'),(1132,'zhangyukang','删除菜单/按钮','184','com.coderman.rbac.sys.controller.MenuController.delete()','role=[草鸡管理员],permission=[任何权限],time=[Sat Nov 23 16:22:11 CST 2019]','127.0.0.1','2019-11-23 16:22:12','内网IP|0|0|内网IP|内网IP'),(1133,'zhangyukang','删除菜单/按钮','41','com.coderman.rbac.sys.controller.MenuController.delete()','role=[草鸡管理员],permission=[任何权限],time=[Sat Nov 23 16:22:13 CST 2019]','127.0.0.1','2019-11-23 16:22:14','内网IP|0|0|内网IP|内网IP'),(1134,'zhangyukang','添加菜单/按钮','90','com.coderman.rbac.sys.controller.MenuController.add()','role=[草鸡管理员],permission=[任何权限],time=[Sat Nov 23 16:22:43 CST 2019]','127.0.0.1','2019-11-23 16:22:44','内网IP|0|0|内网IP|内网IP'),(1135,'zhangyukang','添加菜单/按钮','135','com.coderman.rbac.sys.controller.MenuController.add()','role=[草鸡管理员],permission=[任何权限],time=[Sat Nov 23 16:23:06 CST 2019]','127.0.0.1','2019-11-23 16:23:07','内网IP|0|0|内网IP|内网IP'),(1136,'zhangyukang','添加菜单/按钮','25','com.coderman.rbac.sys.controller.MenuController.add()','role=[草鸡管理员],permission=[任何权限],time=[Sat Nov 23 16:23:28 CST 2019]','127.0.0.1','2019-11-23 16:23:29','内网IP|0|0|内网IP|内网IP'),(1137,'zhangyukang','更新菜单/按钮','159','com.coderman.rbac.sys.controller.MenuController.update()','role=[草鸡管理员],permission=[任何权限],time=[Sat Nov 23 16:28:57 CST 2019]','127.0.0.1','2019-11-23 16:28:57','内网IP|0|0|内网IP|内网IP'),(1138,'zhangyukang','更新菜单/按钮','94','com.coderman.rbac.sys.controller.MenuController.update()','role=[草鸡管理员],permission=[任何权限],time=[Sat Nov 23 16:29:35 CST 2019]','127.0.0.1','2019-11-23 16:29:36','内网IP|0|0|内网IP|内网IP'),(1139,'zhangyukang','更新菜单/按钮','61','com.coderman.rbac.sys.controller.MenuController.update()','role=[草鸡管理员],permission=[任何权限],time=[Sat Nov 23 16:29:44 CST 2019]','127.0.0.1','2019-11-23 16:29:44','内网IP|0|0|内网IP|内网IP'),(1140,'zhangyukang','更新菜单/按钮','47','com.coderman.rbac.sys.controller.MenuController.update()','role=[草鸡管理员],permission=[任何权限],time=[Sat Nov 23 16:30:44 CST 2019]','127.0.0.1','2019-11-23 16:30:45','内网IP|0|0|内网IP|内网IP'),(1141,'zhangyukang','更新菜单/按钮','31','com.coderman.rbac.sys.controller.MenuController.update()','role=[草鸡管理员],permission=[任何权限],time=[Sat Nov 23 16:31:07 CST 2019]','127.0.0.1','2019-11-23 16:31:07','内网IP|0|0|内网IP|内网IP'),(1142,'zhangyukang','更新菜单/按钮','65','com.coderman.rbac.sys.controller.MenuController.update()','role=[草鸡管理员],permission=[任何权限],time=[Sat Nov 23 16:37:14 CST 2019]','127.0.0.1','2019-11-23 16:37:14','内网IP|0|0|内网IP|内网IP'),(1143,'zhangyukang','添加部门','124','com.coderman.rbac.sys.controller.DepartmentController.add()','role=[草鸡管理员],permission=[任何权限],time=[Sat Nov 23 17:00:49 CST 2019]','127.0.0.1','2019-11-23 17:00:50','内网IP|0|0|内网IP|内网IP'),(1144,'zhangyukang','修改部门','31','com.coderman.rbac.sys.controller.DepartmentController.update()','role=[草鸡管理员],permission=[任何权限],time=[Sat Nov 23 17:03:38 CST 2019]','127.0.0.1','2019-11-23 17:03:39','内网IP|0|0|内网IP|内网IP'),(1145,'zhangyukang','修改部门','27','com.coderman.rbac.sys.controller.DepartmentController.update()','role=[草鸡管理员],permission=[任何权限],time=[Sat Nov 23 17:03:45 CST 2019]','127.0.0.1','2019-11-23 17:03:46','内网IP|0|0|内网IP|内网IP'),(1146,'zhangyukang','更新菜单/按钮','587','com.coderman.rbac.sys.controller.MenuController.update()','role=[草鸡管理员],permission=[任何权限],time=[Sat Nov 23 17:30:39 CST 2019]','127.0.0.1','2019-11-23 17:30:40','内网IP|0|0|内网IP|内网IP'),(1147,'zhangyukang','更新菜单/按钮','1289','com.coderman.rbac.sys.controller.MenuController.update()','role=[草鸡管理员],permission=[任何权限],time=[Sat Nov 23 17:30:52 CST 2019]','127.0.0.1','2019-11-23 17:30:52','内网IP|0|0|内网IP|内网IP'),(1148,'zhangyukang','修改用户','135','com.coderman.rbac.sys.controller.UserController.update()','role=[草鸡管理员],permission=[任何权限],time=[Sat Nov 23 20:19:14 CST 2019]','127.0.0.1','2019-11-23 20:19:14','内网IP|0|0|内网IP|内网IP'),(1149,'zhangyukang','添加用户','172','com.coderman.rbac.sys.controller.UserController.add()','role=[草鸡管理员],permission=[任何权限],time=[Sat Nov 23 21:18:00 CST 2019]','127.0.0.1','2019-11-23 21:18:01','内网IP|0|0|内网IP|内网IP'),(1150,'zhangyukang','分配菜单/按钮','194','com.coderman.rbac.sys.controller.RoleController.updateRoleMenu()','role=[草鸡管理员],permission=[任何权限],time=[Sat Nov 23 21:19:39 CST 2019]','127.0.0.1','2019-11-23 21:19:39','内网IP|0|0|内网IP|内网IP'),(1151,'zhangyukang','分配角色','41','com.coderman.rbac.sys.controller.UserController.giveUserRoles()','role=[草鸡管理员],permission=[任何权限],time=[Sat Nov 23 21:20:36 CST 2019]','127.0.0.1','2019-11-23 21:20:36','内网IP|0|0|内网IP|内网IP'),(1152,'zhangyukang','分配菜单/按钮','104','com.coderman.rbac.sys.controller.RoleController.updateRoleMenu()','role=[草鸡管理员],permission=[任何权限],time=[Sat Nov 23 21:21:16 CST 2019]','127.0.0.1','2019-11-23 21:21:16','内网IP|0|0|内网IP|内网IP'),(1153,'zhangyukang','分配角色','41','com.coderman.rbac.sys.controller.UserController.giveUserRoles()','role=[草鸡管理员],permission=[任何权限],time=[Sat Nov 23 21:21:30 CST 2019]','127.0.0.1','2019-11-23 21:21:30','内网IP|0|0|内网IP|内网IP'),(1154,'zhangyukang','更新菜单/按钮','52','com.coderman.rbac.sys.controller.MenuController.update()','role=[草鸡管理员],permission=[任何权限],time=[Sat Nov 23 21:24:29 CST 2019]','127.0.0.1','2019-11-23 21:24:29','内网IP|0|0|内网IP|内网IP'),(1155,'coderman','分配角色','67','com.coderman.rbac.sys.controller.UserController.giveUserRoles()','role=[测试用户],permission=,time=[Sat Nov 23 21:32:18 CST 2019]','127.0.0.1','2019-11-23 21:32:18','内网IP|0|0|内网IP|内网IP'),(1156,'zhangyukang','添加菜单/按钮','132','com.coderman.rbac.sys.controller.MenuController.add()','role=[草鸡管理员],permission=[任何权限],time=[Sat Nov 23 21:35:10 CST 2019]','127.0.0.1','2019-11-23 21:35:10','内网IP|0|0|内网IP|内网IP'),(1157,'zhangyukang','更新菜单/按钮','113','com.coderman.rbac.sys.controller.MenuController.update()','role=[草鸡管理员],permission=[任何权限],time=[Sat Nov 23 21:35:42 CST 2019]','127.0.0.1','2019-11-23 21:35:42','内网IP|0|0|内网IP|内网IP'),(1158,'zhangyukang','分配菜单/按钮','183','com.coderman.rbac.sys.controller.RoleController.updateRoleMenu()','role=[草鸡管理员],permission=[任何权限],time=[Sat Nov 23 21:37:38 CST 2019]','127.0.0.1','2019-11-23 21:37:38','内网IP|0|0|内网IP|内网IP'),(1159,'zhangyukang','添加菜单/按钮','118','com.coderman.rbac.sys.controller.MenuController.add()','role=[草鸡管理员],permission=[任何权限],time=[Sat Nov 23 21:38:43 CST 2019]','127.0.0.1','2019-11-23 21:38:44','内网IP|0|0|内网IP|内网IP'),(1160,'zhangyukang','分配菜单/按钮','140','com.coderman.rbac.sys.controller.RoleController.updateRoleMenu()','role=[草鸡管理员],permission=[任何权限],time=[Sat Nov 23 21:38:57 CST 2019]','127.0.0.1','2019-11-23 21:38:58','内网IP|0|0|内网IP|内网IP'),(1161,'coderman','删除菜单/按钮','124','com.coderman.rbac.sys.controller.MenuController.delete()','role=[测试用户],permission=,time=[Sat Nov 23 21:39:37 CST 2019]','127.0.0.1','2019-11-23 21:39:38','内网IP|0|0|内网IP|内网IP'),(1162,'coderman','删除菜单/按钮','21','com.coderman.rbac.sys.controller.MenuController.delete()','role=[测试用户],permission=,time=[Sat Nov 23 21:39:39 CST 2019]','127.0.0.1','2019-11-23 21:39:39','内网IP|0|0|内网IP|内网IP'),(1163,'coderman','删除菜单/按钮','18','com.coderman.rbac.sys.controller.MenuController.delete()','role=[测试用户],permission=,time=[Sat Nov 23 21:39:40 CST 2019]','127.0.0.1','2019-11-23 21:39:41','内网IP|0|0|内网IP|内网IP'),(1164,'coderman','删除菜单/按钮','175','com.coderman.rbac.sys.controller.MenuController.delete()','role=[测试用户],permission=,time=[Sat Nov 23 21:39:42 CST 2019]','127.0.0.1','2019-11-23 21:39:43','内网IP|0|0|内网IP|内网IP'),(1165,'coderman','删除菜单/按钮','18','com.coderman.rbac.sys.controller.MenuController.delete()','role=[测试用户],permission=,time=[Sat Nov 23 21:39:44 CST 2019]','127.0.0.1','2019-11-23 21:39:44','内网IP|0|0|内网IP|内网IP'),(1166,'coderman','删除菜单/按钮','484','com.coderman.rbac.sys.controller.MenuController.delete()','role=[测试用户],permission=,time=[Sat Nov 23 21:39:46 CST 2019]','127.0.0.1','2019-11-23 21:39:47','内网IP|0|0|内网IP|内网IP'),(1167,'coderman','删除菜单/按钮','80','com.coderman.rbac.sys.controller.MenuController.delete()','role=[测试用户],permission=,time=[Sat Nov 23 21:39:48 CST 2019]','127.0.0.1','2019-11-23 21:39:48','内网IP|0|0|内网IP|内网IP'),(1168,'coderman','删除菜单/按钮','103','com.coderman.rbac.sys.controller.MenuController.delete()','role=[测试用户],permission=,time=[Sat Nov 23 21:40:10 CST 2019]','127.0.0.1','2019-11-23 21:40:10','内网IP|0|0|内网IP|内网IP'),(1169,'coderman','删除菜单/按钮','168','com.coderman.rbac.sys.controller.MenuController.delete()','role=[测试用户],permission=,time=[Sat Nov 23 21:40:12 CST 2019]','127.0.0.1','2019-11-23 21:40:12','内网IP|0|0|内网IP|内网IP'),(1170,'coderman','删除菜单/按钮','42','com.coderman.rbac.sys.controller.MenuController.delete()','role=[测试用户],permission=,time=[Sat Nov 23 21:40:13 CST 2019]','127.0.0.1','2019-11-23 21:40:14','内网IP|0|0|内网IP|内网IP'),(1171,'coderman','更新菜单/按钮','45','com.coderman.rbac.sys.controller.MenuController.update()','role=[测试用户],permission=,time=[Sat Nov 23 21:49:35 CST 2019]','127.0.0.1','2019-11-23 21:49:36','内网IP|0|0|内网IP|内网IP'),(1172,'coderman','更新菜单/按钮','44','com.coderman.rbac.sys.controller.MenuController.update()','role=[测试用户],permission=,time=[Sat Nov 23 21:49:41 CST 2019]','127.0.0.1','2019-11-23 21:49:41','内网IP|0|0|内网IP|内网IP'),(1173,'coderman','更新菜单/按钮','109','com.coderman.rbac.sys.controller.MenuController.update()','role=[测试用户],permission=,time=[Sat Nov 23 21:50:06 CST 2019]','127.0.0.1','2019-11-23 21:50:06','内网IP|0|0|内网IP|内网IP'),(1174,'coderman','更新菜单/按钮','26','com.coderman.rbac.sys.controller.MenuController.update()','role=[测试用户],permission=,time=[Sat Nov 23 21:50:23 CST 2019]','127.0.0.1','2019-11-23 21:50:23','内网IP|0|0|内网IP|内网IP'),(1175,'coderman','更新菜单/按钮','16','com.coderman.rbac.sys.controller.MenuController.update()','role=[测试用户],permission=,time=[Sat Nov 23 21:50:28 CST 2019]','127.0.0.1','2019-11-23 21:50:29','内网IP|0|0|内网IP|内网IP'),(1176,'coderman','修改用户','56','com.coderman.rbac.sys.controller.UserController.update()','role=[测试用户],permission=,time=[Sun Nov 24 17:42:03 CST 2019]','127.0.0.1','2019-11-24 17:42:03','内网IP|0|0|内网IP|内网IP'),(1177,'coderman','修改用户','37','com.coderman.rbac.sys.controller.UserController.update()','role=[测试用户],permission=,time=[Sun Nov 24 18:24:29 CST 2019]','127.0.0.1','2019-11-24 18:24:29','内网IP|0|0|内网IP|内网IP'),(1178,'coderman','修改用户','28','com.coderman.rbac.sys.controller.UserController.update()','role=[测试用户],permission=,time=[Sun Nov 24 18:24:43 CST 2019]','127.0.0.1','2019-11-24 18:24:43','内网IP|0|0|内网IP|内网IP'),(1179,'coderman','修改用户','449','com.coderman.rbac.sys.controller.UserController.update()','role=[测试用户],permission=,time=[Sun Nov 24 18:24:50 CST 2019]','127.0.0.1','2019-11-24 18:24:51','内网IP|0|0|内网IP|内网IP'),(1180,'coderman','修改用户','25','com.coderman.rbac.sys.controller.UserController.update()','role=[测试用户],permission=,time=[Sun Nov 24 18:26:08 CST 2019]','127.0.0.1','2019-11-24 18:26:08','内网IP|0|0|内网IP|内网IP'),(1181,'coderman','修改用户','23107','com.coderman.rbac.sys.controller.UserController.update()','role=[测试用户],permission=,time=[Sun Nov 24 18:28:31 CST 2019]','127.0.0.1','2019-11-24 18:28:31','内网IP|0|0|内网IP|内网IP'),(1182,'coderman','修改用户','8292','com.coderman.rbac.sys.controller.UserController.update()','role=[测试用户],permission=,time=[Sun Nov 24 18:30:48 CST 2019]','127.0.0.1','2019-11-24 18:30:49','内网IP|0|0|内网IP|内网IP'),(1183,'coderman','修改用户','291','com.coderman.rbac.sys.controller.UserController.update()','role=[测试用户],permission=,time=[Sun Nov 24 18:32:21 CST 2019]','127.0.0.1','2019-11-24 18:32:21','内网IP|0|0|内网IP|内网IP'),(1184,'coderman','修改用户','728','com.coderman.rbac.sys.controller.UserController.update()','role=[测试用户],permission=,time=[Sun Nov 24 18:32:44 CST 2019]','127.0.0.1','2019-11-24 18:32:44','内网IP|0|0|内网IP|内网IP'),(1185,'coderman','修改用户','41','com.coderman.rbac.sys.controller.UserController.update()','role=[测试用户],permission=,time=[Sun Nov 24 18:32:56 CST 2019]','127.0.0.1','2019-11-24 18:32:56','内网IP|0|0|内网IP|内网IP'),(1186,'coderman','修改用户','52','com.coderman.rbac.sys.controller.UserController.update()','role=[测试用户],permission=,time=[Sun Nov 24 18:33:28 CST 2019]','127.0.0.1','2019-11-24 18:33:29','内网IP|0|0|内网IP|内网IP'),(1187,'coderman','修改用户','21','com.coderman.rbac.sys.controller.UserController.update()','role=[测试用户],permission=,time=[Sun Nov 24 18:34:38 CST 2019]','127.0.0.1','2019-11-24 18:34:39','内网IP|0|0|内网IP|内网IP'),(1188,'coderman','修改用户','20','com.coderman.rbac.sys.controller.UserController.update()','role=[测试用户],permission=,time=[Sun Nov 24 18:35:03 CST 2019]','127.0.0.1','2019-11-24 18:35:03','内网IP|0|0|内网IP|内网IP'),(1189,'coderman','修改用户','26','com.coderman.rbac.sys.controller.UserController.update()','role=[测试用户],permission=,time=[Sun Nov 24 18:35:11 CST 2019]','127.0.0.1','2019-11-24 18:35:12','内网IP|0|0|内网IP|内网IP'),(1190,'coderman','修改用户','21','com.coderman.rbac.sys.controller.UserController.update()','role=[测试用户],permission=,time=[Sun Nov 24 18:35:27 CST 2019]','127.0.0.1','2019-11-24 18:35:28','内网IP|0|0|内网IP|内网IP'),(1191,'coderman','修改用户','51','com.coderman.rbac.sys.controller.UserController.update()','role=[测试用户],permission=,time=[Sun Nov 24 18:36:59 CST 2019]','127.0.0.1','2019-11-24 18:37:00','内网IP|0|0|内网IP|内网IP'),(1192,'coderman','修改用户','143','com.coderman.rbac.sys.controller.UserController.update()','role=[测试用户],permission=,time=[Sun Nov 24 18:37:48 CST 2019]','127.0.0.1','2019-11-24 18:37:49','内网IP|0|0|内网IP|内网IP'),(1193,'KK','修改用户','48','com.coderman.rbac.sys.controller.UserController.update()','role=[测试用户],permission=,time=[Sun Nov 24 18:53:14 CST 2019]','127.0.0.1','2019-11-24 18:53:14','内网IP|0|0|内网IP|内网IP'),(1194,'coderman','修改用户','1099','com.coderman.rbac.sys.controller.UserController.update()','role=[测试用户],permission=,time=[Sun Nov 24 18:55:00 CST 2019]','127.0.0.1','2019-11-24 18:55:00','内网IP|0|0|内网IP|内网IP'),(1195,'coderman','修改用户','181','com.coderman.rbac.sys.controller.UserController.update()','role=[测试用户],permission=,time=[Sun Nov 24 18:56:53 CST 2019]','127.0.0.1','2019-11-24 18:56:54','内网IP|0|0|内网IP|内网IP'),(1196,'coderman','修改用户','40','com.coderman.rbac.sys.controller.UserController.update()','role=[测试用户],permission=,time=[Sun Nov 24 19:16:02 CST 2019]','127.0.0.1','2019-11-24 19:16:03','内网IP|0|0|内网IP|内网IP'),(1197,'coderman','修改用户','31','com.coderman.rbac.sys.controller.UserController.update()','role=[测试用户],permission=,time=[Sun Nov 24 19:17:24 CST 2019]','127.0.0.1','2019-11-24 19:17:25','内网IP|0|0|内网IP|内网IP'),(1198,'coderman','修改用户','38','com.coderman.rbac.sys.controller.UserController.update()','role=[测试用户],permission=,time=[Sun Nov 24 19:18:57 CST 2019]','127.0.0.1','2019-11-24 19:18:58','内网IP|0|0|内网IP|内网IP'),(1199,'coderman','修改用户','21','com.coderman.rbac.sys.controller.UserController.update()','role=[测试用户],permission=,time=[Sun Nov 24 19:19:22 CST 2019]','127.0.0.1','2019-11-24 19:19:22','内网IP|0|0|内网IP|内网IP'),(1200,'coderman','修改用户','24','com.coderman.rbac.sys.controller.UserController.update()','role=[测试用户],permission=,time=[Sun Nov 24 19:19:43 CST 2019]','127.0.0.1','2019-11-24 19:19:44','内网IP|0|0|内网IP|内网IP'),(1201,'coderman','修改用户','28','com.coderman.rbac.sys.controller.UserController.update()','role=[测试用户],permission=,time=[Sun Nov 24 19:19:58 CST 2019]','127.0.0.1','2019-11-24 19:19:58','内网IP|0|0|内网IP|内网IP'),(1202,'zhangyukang','修改用户','42','com.coderman.rbac.sys.controller.UserController.update()','role=[草鸡管理员],permission=[任何权限],time=[Sun Nov 24 19:22:56 CST 2019]','127.0.0.1','2019-11-24 19:22:57','内网IP|0|0|内网IP|内网IP'),(1203,'zhangyukang','修改用户','29','com.coderman.rbac.sys.controller.UserController.update()','role=[草鸡管理员],permission=[任何权限],time=[Sun Nov 24 19:39:41 CST 2019]','127.0.0.1','2019-11-24 19:39:42','内网IP|0|0|内网IP|内网IP'),(1204,'coderman','修改用户','967','com.coderman.rbac.sys.controller.UserController.update()','role=[测试用户],permission=,time=[Sun Nov 24 19:47:13 CST 2019]','127.0.0.1','2019-11-24 19:47:13','内网IP|0|0|内网IP|内网IP'),(1205,'coderman','修改用户','902','com.coderman.rbac.sys.controller.UserController.update()','role=[测试用户],permission=,time=[Sun Nov 24 19:50:06 CST 2019]','127.0.0.1','2019-11-24 19:50:07','内网IP|0|0|内网IP|内网IP'),(1206,'coderman','修改用户','308','com.coderman.rbac.sys.controller.UserController.update()','role=[测试用户],permission=,time=[Sun Nov 24 19:50:06 CST 2019]','127.0.0.1','2019-11-24 19:50:07','内网IP|0|0|内网IP|内网IP'),(1207,'coderman','修改用户','25','com.coderman.rbac.sys.controller.UserController.update()','role=[测试用户],permission=,time=[Sun Nov 24 19:50:19 CST 2019]','127.0.0.1','2019-11-24 19:50:19','内网IP|0|0|内网IP|内网IP'),(1208,'coderman','修改用户','381','com.coderman.rbac.sys.controller.UserController.update()','role=[测试用户],permission=,time=[Sun Nov 24 19:51:10 CST 2019]','127.0.0.1','2019-11-24 19:51:10','内网IP|0|0|内网IP|内网IP'),(1209,'coderman','修改用户','318','com.coderman.rbac.sys.controller.UserController.update()','role=[测试用户],permission=,time=[Sun Nov 24 19:51:41 CST 2019]','127.0.0.1','2019-11-24 19:51:41','内网IP|0|0|内网IP|内网IP'),(1210,'coderman','修改用户','102','com.coderman.rbac.sys.controller.UserController.update()','role=[测试用户],permission=,time=[Sun Nov 24 19:52:29 CST 2019]','127.0.0.1','2019-11-24 19:52:29','内网IP|0|0|内网IP|内网IP'),(1211,'coderman','修改用户','79','com.coderman.rbac.sys.controller.UserController.update()','role=[测试用户],permission=,time=[Sun Nov 24 19:52:56 CST 2019]','127.0.0.1','2019-11-24 19:52:56','内网IP|0|0|内网IP|内网IP'),(1212,'coderman','修改用户','1083','com.coderman.rbac.sys.controller.UserController.update()','role=[测试用户],permission=,time=[Sun Nov 24 19:53:55 CST 2019]','127.0.0.1','2019-11-24 19:53:56','内网IP|0|0|内网IP|内网IP'),(1213,'coderman','修改用户','1293','com.coderman.rbac.sys.controller.UserController.update()','role=[测试用户],permission=,time=[Sun Nov 24 19:55:57 CST 2019]','127.0.0.1','2019-11-24 19:55:58','内网IP|0|0|内网IP|内网IP'),(1214,'coderman','修改用户','26','com.coderman.rbac.sys.controller.UserController.update()','role=[测试用户],permission=,time=[Sun Nov 24 19:58:06 CST 2019]','127.0.0.1','2019-11-24 19:58:06','内网IP|0|0|内网IP|内网IP'),(1215,'coderman','修改用户','135','com.coderman.rbac.sys.controller.UserController.update()','role=[测试用户],permission=,time=[Sun Nov 24 19:58:34 CST 2019]','127.0.0.1','2019-11-24 19:58:34','内网IP|0|0|内网IP|内网IP'),(1216,'coderman','修改用户','22','com.coderman.rbac.sys.controller.UserController.update()','role=[测试用户],permission=,time=[Sun Nov 24 20:00:53 CST 2019]','127.0.0.1','2019-11-24 20:00:54','内网IP|0|0|内网IP|内网IP'),(1217,'coderman','修改用户','552','com.coderman.rbac.sys.controller.UserController.update()','role=[测试用户],permission=,time=[Sun Nov 24 20:02:15 CST 2019]','127.0.0.1','2019-11-24 20:02:15','内网IP|0|0|内网IP|内网IP'),(1218,'coderman','修改用户','305','com.coderman.rbac.sys.controller.UserController.update()','role=[测试用户],permission=,time=[Sun Nov 24 20:02:52 CST 2019]','127.0.0.1','2019-11-24 20:02:53','内网IP|0|0|内网IP|内网IP'),(1219,'coderman','修改用户','42','com.coderman.rbac.sys.controller.UserController.update()','role=[测试用户],permission=,time=[Sun Nov 24 20:04:33 CST 2019]','127.0.0.1','2019-11-24 20:04:33','内网IP|0|0|内网IP|内网IP'),(1220,'coderman','修改用户','17','com.coderman.rbac.sys.controller.UserController.update()','role=[测试用户],permission=,time=[Sun Nov 24 20:05:13 CST 2019]','127.0.0.1','2019-11-24 20:05:14','内网IP|0|0|内网IP|内网IP'),(1224,'coderman','修改用户','60','com.coderman.rbac.sys.controller.UserController.update()','role=[测试用户],permission=,time=[Sun Nov 24 20:49:11 CST 2019]','223.83.126.118','2019-11-24 20:49:11','中国|华东|江西省|九江市|移动'),(1225,'coderman','修改用户','27','com.coderman.rbac.sys.controller.UserController.update()','role=[测试用户],permission=,time=[Sun Nov 24 20:49:18 CST 2019]','223.83.126.118','2019-11-24 20:49:19','中国|华东|江西省|九江市|移动'),(1226,'coderman','添加菜单/按钮','43','com.coderman.rbac.sys.controller.MenuController.add()','role=[测试用户],permission=,time=[Sun Nov 24 21:16:57 CST 2019]','223.83.126.118','2019-11-24 21:16:58','中国|华东|江西省|九江市|移动'),(1227,'coderman','添加菜单/按钮','29','com.coderman.rbac.sys.controller.MenuController.add()','role=[测试用户],permission=,time=[Sun Nov 24 21:17:25 CST 2019]','223.83.126.118','2019-11-24 21:17:26','中国|华东|江西省|九江市|移动'),(1228,'zhangyukang','更新菜单/按钮','37','com.coderman.rbac.sys.controller.MenuController.update()','role=[草鸡管理员],permission=[任何权限],time=[Sun Nov 24 21:19:16 CST 2019]','223.83.126.118','2019-11-24 21:19:16','中国|华东|江西省|九江市|移动'),(1229,'zhangyukang','更新菜单/按钮','23','com.coderman.rbac.sys.controller.MenuController.update()','role=[草鸡管理员],permission=[任何权限],time=[Sun Nov 24 21:19:29 CST 2019]','223.83.126.118','2019-11-24 21:19:29','中国|华东|江西省|九江市|移动'),(1230,'zhangyukang','修改用户','41','com.coderman.rbac.sys.controller.UserController.update()','role=[草鸡管理员],permission=[任何权限],time=[Sun Nov 24 21:21:22 CST 2019]','223.83.126.118','2019-11-24 21:21:22','中国|华东|江西省|九江市|移动'),(1231,'zhangyukang','分配菜单/按钮','62','com.coderman.rbac.sys.controller.RoleController.updateRoleMenu()','role=[草鸡管理员],permission=[任何权限],time=[Sun Nov 24 21:23:07 CST 2019]','223.83.126.118','2019-11-24 21:23:08','中国|华东|江西省|九江市|移动'),(1232,'coderman','分配角色','49','com.coderman.rbac.sys.controller.UserController.giveUserRoles()','role=[测试用户],permission=,time=[Mon Nov 25 10:03:54 CST 2019]','101.68.85.50','2019-11-25 10:03:54','中国|华东|浙江省|杭州市|联通'),(1233,'coderman','修改用户','48','com.coderman.rbac.sys.controller.UserController.update()','role=[测试用户],permission=,time=[Mon Nov 25 10:23:48 CST 2019]','117.136.110.73','2019-11-25 10:23:48','中国|0|0|0|移动'),(1234,'coderman','修改用户','34','com.coderman.rbac.sys.controller.UserController.update()','role=[测试用户],permission=,time=[Mon Nov 25 12:22:52 CST 2019]','223.83.126.247','2019-11-25 12:22:53','中国|华东|江西省|九江市|移动'),(1235,'coderman','分配角色','138','com.coderman.rbac.sys.controller.UserController.giveUserRoles()','role=[测试用户],permission=,time=[Mon Nov 25 12:44:11 CST 2019]','223.83.126.247','2019-11-25 12:44:12','中国|华东|江西省|九江市|移动'),(1236,'coderman','修改用户','38','com.coderman.rbac.sys.controller.UserController.update()','role=[测试用户],permission=,time=[Mon Nov 25 14:27:28 CST 2019]','117.136.110.73','2019-11-25 14:27:29','中国|0|0|0|移动'),(1237,'coderman','删除用户','29','com.coderman.rbac.sys.controller.UserController.delete()','role=[测试用户],permission=,time=[Mon Nov 25 14:32:02 CST 2019]','14.147.105.201','2019-11-25 14:32:03','中国|华南|广东省|广州市|电信'),(1238,'coderman','修改用户','21','com.coderman.rbac.sys.controller.UserController.update()','role=[测试用户],permission=,time=[Mon Nov 25 14:32:29 CST 2019]','14.147.105.201','2019-11-25 14:32:30','中国|华南|广东省|广州市|电信'),(1239,'coderman','修改用户','39','com.coderman.rbac.sys.controller.UserController.update()','role=[测试用户],permission=,time=[Mon Nov 25 14:32:30 CST 2019]','14.147.105.201','2019-11-25 14:32:30','中国|华南|广东省|广州市|电信'),(1240,'coderman','修改用户','37','com.coderman.rbac.sys.controller.UserController.update()','role=[测试用户],permission=,time=[Mon Nov 25 14:32:31 CST 2019]','14.147.105.201','2019-11-25 14:32:31','中国|华南|广东省|广州市|电信'),(1241,'coderman','修改用户','29','com.coderman.rbac.sys.controller.UserController.update()','role=[测试用户],permission=,time=[Mon Nov 25 14:32:31 CST 2019]','14.147.105.201','2019-11-25 14:32:32','中国|华南|广东省|广州市|电信'),(1242,'coderman','修改用户','40','com.coderman.rbac.sys.controller.UserController.update()','role=[测试用户],permission=,time=[Mon Nov 25 14:32:32 CST 2019]','14.147.105.201','2019-11-25 14:32:33','中国|华南|广东省|广州市|电信'),(1243,'coderman','修改用户','36','com.coderman.rbac.sys.controller.UserController.update()','role=[测试用户],permission=,time=[Mon Nov 25 14:32:33 CST 2019]','14.147.105.201','2019-11-25 14:32:33','中国|华南|广东省|广州市|电信'),(1244,'coderman','添加角色','199','com.coderman.rbac.sys.controller.RoleController.add()','role=[测试用户],permission=,time=[Mon Nov 25 16:33:35 CST 2019]','223.83.126.184','2019-11-25 16:33:36','中国|华东|江西省|九江市|移动'),(1245,'zhangyukang','分配菜单/按钮','79','com.coderman.rbac.sys.controller.RoleController.updateRoleMenu()','role=[草鸡管理员],permission=[任何权限],time=[Mon Nov 25 17:10:34 CST 2019]','223.83.126.184','2019-11-25 17:10:34','中国|华东|江西省|九江市|移动'),(1246,'小章鱼鸭','分配角色','31','com.coderman.rbac.sys.controller.UserController.giveUserRoles()','role=[GitHub用户],permission=,time=[Mon Nov 25 17:10:59 CST 2019]','223.83.126.184','2019-11-25 17:10:59','中国|华东|江西省|九江市|移动'),(1247,'小章鱼鸭','分配角色','23','com.coderman.rbac.sys.controller.UserController.giveUserRoles()','role=[GitHub用户],permission=,time=[Mon Nov 25 17:11:05 CST 2019]','223.83.126.184','2019-11-25 17:11:06','中国|华东|江西省|九江市|移动'),(1248,'小章鱼鸭','分配角色','16','com.coderman.rbac.sys.controller.UserController.giveUserRoles()','role=[GitHub用户],permission=,time=[Mon Nov 25 17:11:10 CST 2019]','223.83.126.184','2019-11-25 17:11:10','中国|华东|江西省|九江市|移动'),(1249,'zhangyukang','分配菜单/按钮','87','com.coderman.rbac.sys.controller.RoleController.updateRoleMenu()','role=[草鸡管理员],permission=[任何权限],time=[Mon Nov 25 17:15:40 CST 2019]','223.83.126.184','2019-11-25 17:15:40','中国|华东|江西省|九江市|移动'),(1250,'zhangyukang','用户锁定/解锁','13','com.coderman.rbac.sys.controller.UserController.lock()','role=[草鸡管理员],permission=[任何权限],time=[Mon Nov 25 17:16:26 CST 2019]','223.83.126.184','2019-11-25 17:16:26','中国|华东|江西省|九江市|移动'),(1251,'zhangyukang','用户锁定/解锁','12','com.coderman.rbac.sys.controller.UserController.lock()','role=[草鸡管理员],permission=[任何权限],time=[Mon Nov 25 17:16:27 CST 2019]','223.83.126.184','2019-11-25 17:16:28','中国|华东|江西省|九江市|移动'),(1252,'zhangyukang','分配菜单/按钮','49','com.coderman.rbac.sys.controller.RoleController.updateRoleMenu()','role=[草鸡管理员],permission=[任何权限],time=[Mon Nov 25 17:17:44 CST 2019]','223.83.126.184','2019-11-25 17:17:44','中国|华东|江西省|九江市|移动'),(1253,'coderman','更换头像','14159','com.coderman.rbac.sys.controller.UserController.changAvatar()','role=[测试用户],permission=,time=[Mon Nov 25 17:20:15 CST 2019]','123.139.87.151','2019-11-25 17:20:15','中国|西北|陕西省|西安市|联通'),(1254,'小章鱼鸭','更新菜单/按钮','21','com.coderman.rbac.sys.controller.MenuController.update()','role=[GitHub用户],permission=,time=[Mon Nov 25 17:24:17 CST 2019]','223.83.126.184','2019-11-25 17:24:18','中国|华东|江西省|九江市|移动'),(1255,'小章鱼鸭','更新菜单/按钮','19','com.coderman.rbac.sys.controller.MenuController.update()','role=[GitHub用户],permission=,time=[Mon Nov 25 17:24:22 CST 2019]','223.83.126.184','2019-11-25 17:24:22','中国|华东|江西省|九江市|移动'),(1256,'小章鱼鸭','分配菜单/按钮','90','com.coderman.rbac.sys.controller.RoleController.updateRoleMenu()','role=[GitHub用户],permission=,time=[Mon Nov 25 17:27:27 CST 2019]','223.83.126.184','2019-11-25 17:27:27','中国|华东|江西省|九江市|移动'),(1257,'小章鱼鸭','更新菜单/按钮','95','com.coderman.rbac.sys.controller.MenuController.update()','role=[GitHub用户],permission=,time=[Mon Nov 25 18:15:14 CST 2019]','223.83.126.184','2019-11-25 18:15:15','中国|华东|江西省|九江市|移动'),(1258,'小章鱼鸭','修改用户','29','com.coderman.rbac.sys.controller.UserController.update()','role=[GitHub用户],permission=,time=[Mon Nov 25 18:16:13 CST 2019]','223.83.126.184','2019-11-25 18:16:14','中国|华东|江西省|九江市|移动'),(1259,'zhangyukang','添加用户','165','com.coderman.rbac.sys.controller.UserController.add()','role=[草鸡管理员],permission=[任何权限],time=[Mon Nov 25 20:13:56 CST 2019]','223.83.126.184','2019-11-25 20:13:57','中国|华东|江西省|九江市|移动'),(1260,'zhangyukang','分配角色','94','com.coderman.rbac.sys.controller.UserController.giveUserRoles()','role=[草鸡管理员],permission=[任何权限],time=[Mon Nov 25 20:14:06 CST 2019]','223.83.126.184','2019-11-25 20:14:07','中国|华东|江西省|九江市|移动'),(1261,'小章鱼鸭','修改用户','158','com.coderman.rbac.sys.controller.UserController.update()','role=[GitHub用户],permission=,time=[Mon Nov 25 20:26:06 CST 2019]','223.83.126.184','2019-11-25 20:26:07','中国|华东|江西省|九江市|移动'),(1262,'小章鱼鸭','分配角色','70','com.coderman.rbac.sys.controller.UserController.giveUserRoles()','role=[GitHub用户],permission=,time=[Mon Nov 25 20:31:50 CST 2019]','223.83.126.184','2019-11-25 20:31:51','中国|华东|江西省|九江市|移动'),(1263,'小章鱼鸭','修改用户','57','com.coderman.rbac.sys.controller.UserController.update()','role=[GitHub用户],permission=,time=[Mon Nov 25 20:32:19 CST 2019]','223.83.126.184','2019-11-25 20:32:19','中国|华东|江西省|九江市|移动'),(1264,'小章鱼鸭','用户锁定/解锁','29','com.coderman.rbac.sys.controller.UserController.lock()','role=[GitHub用户],permission=,time=[Mon Nov 25 20:35:54 CST 2019]','223.83.126.184','2019-11-25 20:35:55','中国|华东|江西省|九江市|移动'),(1265,'小章鱼鸭','用户锁定/解锁','80','com.coderman.rbac.sys.controller.UserController.lock()','role=[GitHub用户],permission=,time=[Mon Nov 25 20:35:55 CST 2019]','223.83.126.184','2019-11-25 20:35:56','中国|华东|江西省|九江市|移动'),(1266,'小章鱼鸭','修改用户','44','com.coderman.rbac.sys.controller.UserController.update()','role=[GitHub用户],permission=,time=[Mon Nov 25 20:38:14 CST 2019]','223.83.126.184','2019-11-25 20:38:15','中国|华东|江西省|九江市|移动'),(1267,'小章鱼鸭','修改部门','100','com.coderman.rbac.sys.controller.DepartmentController.update()','role=[GitHub用户],permission=,time=[Mon Nov 25 21:11:39 CST 2019]','223.83.126.184','2019-11-25 21:11:39','中国|华东|江西省|九江市|移动'),(1268,'小章鱼鸭','分配角色','33','com.coderman.rbac.sys.controller.UserController.giveUserRoles()','role=[GitHub用户],permission=,time=[Mon Nov 25 21:21:30 CST 2019]','223.83.126.184','2019-11-25 21:21:31','中国|华东|江西省|九江市|移动'),(1269,'小章鱼鸭','添加用户','67','com.coderman.rbac.sys.controller.UserController.add()','role=[GitHub用户],permission=,time=[Mon Nov 25 21:25:02 CST 2019]','223.83.126.184','2019-11-25 21:25:03','中国|华东|江西省|九江市|移动'),(1270,'小章鱼鸭','修改用户','72','com.coderman.rbac.sys.controller.UserController.update()','role=[GitHub用户],permission=,time=[Mon Nov 25 21:25:29 CST 2019]','223.83.126.184','2019-11-25 21:25:29','中国|华东|江西省|九江市|移动'),(1271,'小章鱼鸭','修改用户','46','com.coderman.rbac.sys.controller.UserController.update()','role=[GitHub用户],permission=,time=[Mon Nov 25 21:25:48 CST 2019]','223.83.126.184','2019-11-25 21:25:49','中国|华东|江西省|九江市|移动'),(1272,'小章鱼鸭','修改用户','36','com.coderman.rbac.sys.controller.UserController.update()','role=[GitHub用户],permission=,time=[Mon Nov 25 21:26:00 CST 2019]','223.83.126.184','2019-11-25 21:26:01','中国|华东|江西省|九江市|移动'),(1273,'小章鱼鸭','修改用户','46','com.coderman.rbac.sys.controller.UserController.update()','role=[GitHub用户],permission=,time=[Mon Nov 25 21:26:38 CST 2019]','223.83.126.184','2019-11-25 21:26:38','中国|华东|江西省|九江市|移动'),(1274,'小章鱼鸭','分配角色','22','com.coderman.rbac.sys.controller.UserController.giveUserRoles()','role=[GitHub用户],permission=,time=[Mon Nov 25 21:27:00 CST 2019]','223.83.126.184','2019-11-25 21:27:00','中国|华东|江西省|九江市|移动'),(1275,'zhangyukang','添加菜单/按钮','504','com.coderman.rbac.sys.controller.MenuController.add()','role=[草鸡管理员],permission=[任何权限],time=[Tue Nov 26 10:45:08 CST 2019]','223.83.126.43','2019-11-26 10:45:08','中国|华东|江西省|九江市|移动'),(1276,'zhangyukang','更新菜单/按钮','592','com.coderman.rbac.sys.controller.MenuController.update()','role=[草鸡管理员],permission=[任何权限],time=[Tue Nov 26 10:46:10 CST 2019]','223.83.126.43','2019-11-26 10:46:11','中国|华东|江西省|九江市|移动'),(1277,'小章鱼鸭','添加菜单/按钮','385','com.coderman.rbac.sys.controller.MenuController.add()','role=[GitHub用户],permission=,time=[Tue Nov 26 14:02:19 CST 2019]','223.83.126.43','2019-11-26 14:02:20','中国|华东|江西省|九江市|移动'),(1278,'小章鱼鸭','添加菜单/按钮','407','com.coderman.rbac.sys.controller.MenuController.add()','role=[GitHub用户],permission=,time=[Tue Nov 26 14:03:16 CST 2019]','223.83.126.43','2019-11-26 14:03:16','中国|华东|江西省|九江市|移动'),(1279,'小章鱼鸭','添加菜单/按钮','203','com.coderman.rbac.sys.controller.MenuController.add()','role=[GitHub用户],permission=,time=[Tue Nov 26 14:03:52 CST 2019]','223.83.126.43','2019-11-26 14:03:52','中国|华东|江西省|九江市|移动'),(1280,'小章鱼鸭','更新菜单/按钮','214','com.coderman.rbac.sys.controller.MenuController.update()','role=[GitHub用户],permission=,time=[Tue Nov 26 14:04:28 CST 2019]','223.83.126.43','2019-11-26 14:04:29','中国|华东|江西省|九江市|移动'),(1281,'小章鱼鸭','更新菜单/按钮','268','com.coderman.rbac.sys.controller.MenuController.update()','role=[GitHub用户],permission=,time=[Tue Nov 26 14:05:01 CST 2019]','223.83.126.43','2019-11-26 14:05:01','中国|华东|江西省|九江市|移动'),(1282,'小章鱼鸭','更新菜单/按钮','10079','com.coderman.rbac.sys.controller.MenuController.update()','role=[GitHub用户],permission=,time=[Tue Nov 26 14:05:24 CST 2019]','223.83.126.43','2019-11-26 14:05:25','中国|华东|江西省|九江市|移动'),(1283,'小章鱼鸭','更新菜单/按钮','11233','com.coderman.rbac.sys.controller.MenuController.update()','role=[GitHub用户],permission=,time=[Tue Nov 26 14:05:42 CST 2019]','223.83.126.43','2019-11-26 14:05:42','中国|华东|江西省|九江市|移动'),(1284,'小章鱼鸭','更新菜单/按钮','24994','com.coderman.rbac.sys.controller.MenuController.update()','role=[GitHub用户],permission=,time=[Tue Nov 26 14:06:46 CST 2019]','223.83.126.43','2019-11-26 14:06:47','中国|华东|江西省|九江市|移动'),(1285,'小章鱼鸭','更新菜单/按钮','3790','com.coderman.rbac.sys.controller.MenuController.update()','role=[GitHub用户],permission=,time=[Tue Nov 26 14:06:56 CST 2019]','223.83.126.43','2019-11-26 14:06:57','中国|华东|江西省|九江市|移动'),(1286,'小章鱼鸭','更新菜单/按钮','33290','com.coderman.rbac.sys.controller.MenuController.update()','role=[GitHub用户],permission=,time=[Tue Nov 26 14:07:35 CST 2019]','223.83.126.43','2019-11-26 14:07:36','中国|华东|江西省|九江市|移动'),(1287,'zhangyukang','分配菜单/按钮','467','com.coderman.rbac.sys.controller.RoleController.updateRoleMenu()','role=[草鸡管理员],permission=[任何权限],time=[Tue Nov 26 14:47:48 CST 2019]','223.83.126.43','2019-11-26 14:47:48','中国|华东|江西省|九江市|移动'),(1288,'zhangyukang','分配菜单/按钮','96','com.coderman.rbac.sys.controller.RoleController.updateRoleMenu()','role=[草鸡管理员],permission=[任何权限],time=[Tue Nov 26 14:47:55 CST 2019]','223.83.126.43','2019-11-26 14:47:55','中国|华东|江西省|九江市|移动'),(1289,'zhangyukang','删除菜单/按钮','148','com.coderman.rbac.sys.controller.MenuController.delete()','role=[草鸡管理员],permission=[任何权限],time=[Tue Nov 26 15:04:36 CST 2019]','223.83.126.43','2019-11-26 15:04:37','中国|华东|江西省|九江市|移动'),(1290,'测试用户','删除菜单/按钮','238','com.coderman.rbac.sys.controller.MenuController.delete()','role=[测试用户],permission=,time=[Tue Nov 26 15:05:01 CST 2019]','117.188.127.203','2019-11-26 15:05:02','中国|西南|贵州省|0|移动'),(1291,'zhangyukang','分配菜单/按钮','59271','com.coderman.rbac.sys.controller.RoleController.updateRoleMenu()','role=[草鸡管理员],permission=[任何权限],time=[Tue Nov 26 17:57:56 CST 2019]','223.83.124.32','2019-11-26 17:57:56','中国|华东|江西省|九江市|移动'),(1292,'zhangyukang','分配菜单/按钮','90','com.coderman.rbac.sys.controller.RoleController.updateRoleMenu()','role=[草鸡管理员],permission=[任何权限],time=[Tue Nov 26 22:20:24 CST 2019]','223.83.124.32','2019-11-26 22:20:25','中国|华东|江西省|九江市|移动'),(1293,'zhangyukang','分配菜单/按钮','62','com.coderman.rbac.sys.controller.RoleController.updateRoleMenu()','role=[草鸡管理员],permission=[任何权限],time=[Wed Nov 27 14:55:11 CST 2019]','117.136.110.198','2019-11-27 14:55:11','中国|0|0|0|移动'),(1294,'测试用户','更换头像','205726','com.coderman.rbac.sys.controller.UserController.changAvatar()','role=[测试用户],permission=,time=[Wed Nov 27 14:57:59 CST 2019]','115.56.177.141','2019-11-27 14:58:00','中国|华中|河南省|开封市|联通'),(1295,'zhangyukang','修改用户','45','com.coderman.rbac.sys.controller.UserController.update()','role=[草鸡管理员],permission=[任何权限],time=[Thu Nov 28 12:29:31 CST 2019]','223.83.126.229','2019-11-28 12:29:32','中国|华东|江西省|九江市|移动'),(1296,'zhangyukang','更换头像','204451','com.coderman.rbac.sys.controller.UserController.changAvatar()','role=[草鸡管理员],permission=[任何权限],time=[Thu Nov 28 12:32:30 CST 2019]','223.83.126.229','2019-11-28 12:32:31','中国|华东|江西省|九江市|移动'),(1297,'zhangyukang','更换头像','204657','com.coderman.rbac.sys.controller.UserController.changAvatar()','role=[草鸡管理员],permission=[任何权限],time=[Thu Nov 28 12:33:06 CST 2019]','223.83.126.229','2019-11-28 12:33:07','中国|华东|江西省|九江市|移动'),(1298,'测试用户','更换头像','204438','com.coderman.rbac.sys.controller.UserController.changAvatar()','role=[测试用户],permission=,time=[Thu Nov 28 12:40:26 CST 2019]','223.83.126.229','2019-11-28 12:40:26','中国|华东|江西省|九江市|移动'),(1299,'测试用户','更换头像','204639','com.coderman.rbac.sys.controller.UserController.changAvatar()','role=[测试用户],permission=,time=[Thu Nov 28 12:41:01 CST 2019]','223.83.126.229','2019-11-28 12:41:02','中国|华东|江西省|九江市|移动'),(1300,'测试用户','更换头像','204623','com.coderman.rbac.sys.controller.UserController.changAvatar()','role=[测试用户],permission=,time=[Thu Nov 28 12:52:49 CST 2019]','223.83.126.229','2019-11-28 12:52:50','中国|华东|江西省|九江市|移动'),(1301,'测试用户','更换头像','204607','com.coderman.rbac.sys.controller.UserController.changAvatar()','role=[测试用户],permission=,time=[Thu Nov 28 13:04:53 CST 2019]','223.83.126.229','2019-11-28 13:04:53','中国|华东|江西省|九江市|移动'),(1302,'测试用户','更换头像','204860','com.coderman.rbac.sys.controller.UserController.changAvatar()','role=[测试用户],permission=,time=[Thu Nov 28 17:24:26 CST 2019]','223.83.127.237','2019-11-28 17:24:26','中国|华东|江西省|九江市|移动'),(1303,'zhangyukang','添加菜单/按钮','111','com.coderman.rbac.sys.controller.MenuController.add()','role=[草鸡管理员],permission=[任何权限],time=[Mon Dec 02 11:38:15 CST 2019]','223.104.172.58','2019-12-02 11:38:15',NULL),(1304,'zhangyukang','添加菜单/按钮','25','com.coderman.rbac.sys.controller.MenuController.add()','role=[草鸡管理员],permission=[任何权限],time=[Mon Dec 02 11:38:51 CST 2019]','223.104.172.58','2019-12-02 11:38:52',NULL),(1305,'zhangyukang','添加菜单/按钮','26','com.coderman.rbac.sys.controller.MenuController.add()','role=[草鸡管理员],permission=[任何权限],time=[Mon Dec 02 11:39:31 CST 2019]','223.104.172.58','2019-12-02 11:39:32',NULL),(1306,'zhangyukang','添加菜单/按钮','283','com.coderman.rbac.sys.controller.MenuController.add()','role=[草鸡管理员],permission=[任何权限],time=[Mon Dec 02 11:42:14 CST 2019]','223.104.172.58','2019-12-02 11:42:14',NULL),(1307,'zhangyukang','添加菜单/按钮','13','com.coderman.rbac.sys.controller.MenuController.add()','role=[草鸡管理员],permission=[任何权限],time=[Mon Dec 02 11:42:47 CST 2019]','223.104.172.58','2019-12-02 11:42:47',NULL),(1308,'zhangyukang','添加菜单/按钮','71','com.coderman.rbac.sys.controller.MenuController.add()','role=[草鸡管理员],permission=[任何权限],time=[Mon Dec 02 11:43:48 CST 2019]','223.104.172.58','2019-12-02 11:43:48',NULL),(1309,'zhangyukang','添加菜单/按钮','14','com.coderman.rbac.sys.controller.MenuController.add()','role=[草鸡管理员],permission=[任何权限],time=[Mon Dec 02 11:44:23 CST 2019]','223.104.172.58','2019-12-02 11:44:23',NULL),(1310,'zhangyukang','更新菜单/按钮','44','com.coderman.rbac.sys.controller.MenuController.update()','role=[草鸡管理员],permission=[任何权限],time=[Mon Dec 02 11:44:34 CST 2019]','223.104.172.58','2019-12-02 11:44:34',NULL),(1311,'zhangyukang','分配菜单/按钮','227','com.coderman.rbac.sys.controller.RoleController.updateRoleMenu()','role=[草鸡管理员],permission=[任何权限],time=[Mon Dec 02 11:48:01 CST 2019]','223.104.172.58','2019-12-02 11:48:02',NULL),(1312,'小章鱼鸭','用户锁定/解锁','41','com.coderman.rbac.sys.controller.UserController.lock()','role=[GitHub用户],permission=[user:view, role:view, menu:view, dept:view, online:view, log:view, user:add, role:add, role:update, menu:add, menu:update, dept:add, dept:update, log:delete, redis:view, loginlog:view, user:export, role:export, menu:export, dept:export, log:export, login:deleteLog, loginlog:export, user:giveUserRoles, login:batchDeleteLog, login:batchDeleteLog, user:lock, role:edit, datasource:view, message:view, icon:view, role:updateRoleMenu, session:user:view],time=[Mon Dec 02 11:51:30 CST 2019]','223.104.172.58','2019-12-02 11:51:31',NULL),(1313,'测试用户','更换头像','98112','com.coderman.rbac.sys.controller.UserController.changAvatar()','role=[测试用户],permission=[user:view, role:view, menu:view, dept:view, online:view, log:view, user:add, role:add, role:update, menu:add, menu:update, dept:add, dept:update, redis:view, loginlog:view, user:reSet, user:export, role:export, menu:export, dept:export, log:export, loginlog:export, user:giveUserRoles, login:batchDeleteLog, user:lock, role:edit, datasource:view, message:view, icon:view, role:updateRoleMenu, session:user:view, 1],time=[Mon Dec 02 11:57:07 CST 2019]','223.104.172.58','2019-12-02 11:57:08',NULL),(1314,'zhangyukang','删除菜单/按钮','128','com.coderman.rbac.sys.controller.MenuController.delete()','role=[草鸡管理员],permission=[任何权限],time=[Mon Dec 02 19:14:32 CST 2019]','127.0.0.1','2019-12-02 19:14:33','内网IP|0|0|内网IP|内网IP'),(1315,'zhangyukang','删除菜单/按钮','123','com.coderman.rbac.sys.controller.MenuController.delete()','role=[草鸡管理员],permission=[任何权限],time=[Mon Dec 02 19:14:39 CST 2019]','127.0.0.1','2019-12-02 19:14:39','内网IP|0|0|内网IP|内网IP'),(1316,'测试用户','更换头像','1963','com.coderman.rbac.sys.controller.UserController.changAvatar()','role=[测试用户],permission=[user:view, role:view, menu:view, dept:view, online:view, log:view, user:add, role:add, role:update, menu:add, menu:update, dept:add, dept:update, redis:view, loginlog:view, user:reSet, user:export, role:export, menu:export, dept:export, log:export, loginlog:export, user:giveUserRoles, login:batchDeleteLog, user:lock, role:edit, datasource:view, message:view, icon:view, role:updateRoleMenu, session:user:view, 1],time=[Mon Dec 02 19:20:16 CST 2019]','127.0.0.1','2019-12-02 19:20:17','内网IP|0|0|内网IP|内网IP'),(1317,'测试用户','更换头像','968','com.coderman.rbac.sys.controller.UserController.changAvatar()','role=[测试用户],permission=[user:view, role:view, menu:view, dept:view, online:view, log:view, user:add, role:add, role:update, menu:add, menu:update, dept:add, dept:update, redis:view, loginlog:view, user:reSet, user:export, role:export, menu:export, dept:export, log:export, loginlog:export, user:giveUserRoles, login:batchDeleteLog, user:lock, role:edit, datasource:view, message:view, icon:view, role:updateRoleMenu, session:user:view, 1],time=[Mon Dec 02 19:29:40 CST 2019]','223.83.125.190','2019-12-02 19:29:40','中国|华东|江西省|九江市|移动'),(1318,'zhangyukang','分配菜单/按钮','106','com.coderman.rbac.sys.controller.RoleController.updateRoleMenu()','role=[草鸡管理员],permission=[任何权限],time=[Mon Dec 02 20:23:23 CST 2019]','223.83.125.190','2019-12-02 20:23:24','中国|华东|江西省|九江市|移动'),(1319,'zhangyukang','修改用户','19','com.coderman.rbac.sys.controller.UserController.update()','role=[草鸡管理员],permission=[任何权限],time=[Tue Dec 03 10:35:41 CST 2019]','223.83.124.97','2019-12-03 10:35:41','中国|华东|江西省|九江市|移动'),(1320,'测试用户','更换头像','110','com.coderman.rbac.sys.controller.UserController.changAvatar()','role=[测试用户],permission=[user:view, role:view, menu:view, dept:view, online:view, log:view, user:add, role:add, role:update, menu:add, menu:update, dept:add, dept:update, redis:view, loginlog:view, user:reSet, user:export, role:export, menu:export, dept:export, log:export, loginlog:export, user:giveUserRoles, login:batchDeleteLog, user:lock, role:edit, datasource:view, message:view, icon:view, role:updateRoleMenu, session:user:view, 1],time=[Tue Dec 03 10:53:34 CST 2019]','223.83.124.97','2019-12-03 10:53:35','中国|华东|江西省|九江市|移动');

/*Table structure for table `sys_login_log` */

DROP TABLE IF EXISTS `sys_login_log`;

CREATE TABLE `sys_login_log` (
  `id` bigint(11) NOT NULL AUTO_INCREMENT COMMENT 'id',
  `user_name` varchar(50) NOT NULL COMMENT '用户名',
  `login_time` datetime NOT NULL COMMENT '登录时间',
  `location` varchar(50) DEFAULT NULL COMMENT '登录地点',
  `ip` varchar(50) DEFAULT NULL COMMENT 'IP地址',
  `system` varchar(50) DEFAULT NULL COMMENT '操作系统',
  `browser` varchar(50) DEFAULT NULL COMMENT '浏览器',
  PRIMARY KEY (`id`) USING BTREE
) ENGINE=InnoDB AUTO_INCREMENT=916 DEFAULT CHARSET=utf8 ROW_FORMAT=DYNAMIC COMMENT='登录日志表';

/*Data for the table `sys_login_log` */

insert  into `sys_login_log`(`id`,`user_name`,`login_time`,`location`,`ip`,`system`,`browser`) values (208,'zhangyukang','2019-11-12 16:58:01',NULL,'127.0.0.1','Windows 10','Chrome'),(209,'zhangyukang','2019-11-12 17:00:56',NULL,'127.0.0.1','Windows 10','Chrome'),(532,'zhangyukang','2019-11-18 15:54:24','中国|华东|江西省|0|移动','223.104.172.104','Linux','Chrome'),(533,'zhangyukang','2019-11-18 16:01:17','中国|西南|四川省|成都市|电信','182.150.42.165','Linux','Chrome'),(545,'zhangyukang','2019-11-20 09:22:38','中国|华北|北京市|北京市|联通','123.120.172.71','Linux','Chrome'),(546,'zhangyukang','2019-11-20 09:35:04','中国|华南|广东省|广州市|电信','113.109.40.105','Linux','Chrome'),(552,'zhangyukang','2019-11-20 12:34:00','中国|0|0|0|移动','117.136.110.136','Linux','Chrome'),(561,'zhangyukang','2019-11-20 18:31:39','中国|西南|重庆市|重庆市|移动','218.201.8.40','Linux','Chrome'),(566,'zhangyukang','2019-11-20 21:12:55','中国|华北|北京市|北京市|鹏博士','1.94.247.151','Linux','Firefox'),(568,'zhangyukang','2019-11-21 09:27:04','中国|华中|湖北省|武汉市|联通','113.57.237.11','Linux','Chrome'),(570,'zhangyukang','2019-11-21 15:19:51','中国|华北|北京市|北京市|方正宽带','59.108.100.100','Linux','Chrome'),(575,'zhangyukang','2019-11-22 11:29:33','中国|华东|江西省|0|移动','223.104.172.249','Linux','Chrome'),(576,'zhangyukang','2019-11-22 12:37:47','中国|华东|江西省|南昌市|联通','171.34.46.214','Linux','Firefox'),(577,'zhangyukang','2019-11-22 15:16:25','中国|华南|广西壮族自治区|南宁市|电信','58.59.135.226','Linux','Chrome'),(578,'zhangyukang','2019-11-22 15:21:20','中国|华南|广西壮族自治区|南宁市|电信','58.59.135.226','Linux','Chrome'),(580,'zhangyukang','2019-11-22 17:13:30','中国|华北|北京市|北京市|联通','114.249.219.180','Linux','Chrome'),(581,'zhangyukang','2019-11-22 17:19:00','中国|华北|北京市|北京市|联通','114.249.238.112','Linux','Chrome'),(582,'zhangyukang','2019-11-22 18:46:59','中国|东北|辽宁省|大连市|联通','124.93.201.50','Linux','Chrome'),(768,'coderman','2019-11-25 10:01:34','中国|华东|浙江省|杭州市|联通','101.68.85.50','Mac OS X','Chrome'),(769,'coderman','2019-11-25 10:02:08','中国|华东|浙江省|杭州市|联通','101.68.85.50','Mac OS X','Chrome'),(770,'coderman','2019-11-25 10:22:56','中国|0|0|0|移动','117.136.110.73','Windows 10','Chrome'),(773,'coderman','2019-11-25 14:19:47','中国|0|0|0|移动','117.136.110.73','Android Mobile','Chrome Mobile'),(774,'coderman','2019-11-25 14:19:51','中国|东北|黑龙江省|哈尔滨市|联通','113.0.243.42','Windows 10','Chrome'),(775,'coderman','2019-11-25 14:20:33','中国|华东|山东省|济南市|联通','123.232.44.171','Windows 10','Chrome'),(776,'coderman','2019-11-25 14:21:53','中国|华北|北京市|北京市|联通','124.65.129.74','Windows 10','Chrome'),(778,'coderman','2019-11-25 14:32:14','中国|华南|广东省|广州市|电信','14.147.105.201','Windows 10','Chrome'),(779,'coderman','2019-11-25 14:32:55','中国|华东|浙江省|杭州市|联通','124.160.212.21','Mac OS X','Safari'),(780,'coderman','2019-11-25 14:36:01','中国|华中|湖北省|武汉市|联通','113.57.165.10','Windows 7','Chrome'),(781,'coderman','2019-11-25 15:14:49','中国|华南|广东省|广州市|电信','58.62.30.131','Windows 10','Chrome'),(787,'coderman','2019-11-25 17:18:23','中国|西北|陕西省|西安市|联通','123.139.87.151','Android Mobile','Chrome Mobile'),(788,'coderman','2019-11-25 17:36:56','中国|华北|北京市|北京市|联通','124.65.173.194','Windows 10','Chrome'),(796,'测试用户','2019-11-25 21:37:21','中国|华东|浙江省|温州市|移动','39.186.53.94','Windows 10','Chrome'),(799,'zhangyukang','2019-11-26 08:32:31','中国|0|0|0|移动','117.136.110.245','Android Mobile','Chrome Mobile'),(800,'测试用户','2019-11-26 08:34:24','中国|0|0|0|移动','117.136.110.245','Android Mobile','Chrome Mobile'),(811,'测试用户','2019-11-26 15:02:41','中国|西南|贵州省|0|移动','117.188.127.203','Windows 10','Chrome'),(813,'测试用户','2019-11-26 15:19:12','中国|0|0|0|移动','117.136.110.245','Android Mobile','Chrome Mobile'),(816,'zhangyukang','2019-11-26 17:55:36','中国|华东|江西省|九江市|移动','223.83.124.32','Windows 10','Chrome'),(817,'小章鱼鸭','2019-11-26 21:31:34','中国|华东|江西省|九江市|移动','223.83.124.32','Windows 10','Chrome'),(818,'zhangyukang','2019-11-26 22:09:31','中国|华东|江西省|九江市|移动','223.83.124.32','Windows 10','Chrome'),(819,'测试用户','2019-11-26 23:53:56','中国|华北|北京市|北京市|联通','221.218.153.116','Windows 10','Chrome'),(820,'测试用户','2019-11-27 05:12:32','中国|0|0|0|移动','117.136.110.229','Android Mobile','Chrome Mobile'),(821,'测试用户','2019-11-27 09:42:34','中国|0|0|0|移动','117.136.110.117','Android Mobile','Chrome Mobile'),(822,'测试用户','2019-11-27 10:34:04','中国|华东|江西省|九江市|移动','223.83.127.113','Windows 10','Chrome'),(823,'测试用户','2019-11-27 11:42:59','中国|华东|江西省|九江市|移动','223.83.127.113','Windows 10','Chrome'),(824,'zhangyukang','2019-11-27 12:06:49','中国|华东|江西省|九江市|移动','223.83.127.113','Windows 10','Chrome'),(825,'测试用户','2019-11-27 13:04:27','中国|华东|福建省|厦门市|电信','218.85.123.226','Windows 7','Chrome'),(826,'zhangyukang','2019-11-27 13:42:42','中国|0|0|0|移动','117.136.110.198','Windows 10','Chrome'),(827,'测试用户','2019-11-27 13:44:38','中国|华东|江西省|九江市|电信','117.43.249.176','Windows 10','Chrome'),(828,'测试用户','2019-11-27 14:51:47','中国|华中|河南省|开封市|联通','115.56.177.141','Windows 10','Chrome'),(831,'测试用户','2019-11-27 17:04:29','中国|华东|江西省|九江市|移动','223.83.125.182','Windows 10','Chrome'),(832,'zhangyukang','2019-11-27 18:36:22','中国|华东|江西省|九江市|移动','223.83.125.182','Windows 10','Chrome'),(833,'测试用户','2019-11-27 18:57:47','中国|华北|天津市|天津市|教育网','121.193.162.106','Windows 7','Chrome'),(834,'zhangyukang','2019-11-27 19:55:52','中国|华东|江西省|九江市|移动','223.83.125.182','Windows 10','Chrome'),(835,'测试用户','2019-11-27 22:22:31','中国|华东|江西省|九江市|移动','223.83.125.182','Windows 10','Chrome'),(836,'测试用户','2019-11-27 22:48:42','中国|华中|湖北省|武汉市|移动','117.152.192.239','Windows 10','Chrome'),(837,'测试用户','2019-11-27 23:39:52','中国|东北|吉林省|四平市|联通','119.54.61.56','Windows 10','Chrome'),(838,'测试用户','2019-11-28 08:03:39','中国|华北|天津市|天津市|教育网','121.193.162.106','Windows 7','Chrome'),(839,'测试用户','2019-11-28 11:16:33','中国|华南|广东省|东莞市|联通','27.39.89.122','Windows 10','Chrome'),(840,'测试用户','2019-11-28 12:19:14','中国|华东|江西省|九江市|移动','223.83.126.229','Windows 10','Chrome'),(841,'测试用户','2019-11-28 12:27:55','中国|华东|江西省|九江市|移动','223.83.126.229','Windows 10','Chrome'),(842,'zhangyukang','2019-11-28 12:29:01','中国|华东|江西省|九江市|移动','223.83.126.229','Windows 10','Chrome'),(843,'测试用户','2019-11-28 12:34:12','中国|华东|江西省|九江市|移动','223.83.126.229','Windows 10','Chrome'),(844,'测试用户','2019-11-28 12:35:01','中国|华东|江西省|九江市|移动','223.83.126.229','Windows 10','Chrome'),(845,'zhangyukang','2019-11-28 12:35:20','中国|华东|江西省|九江市|移动','223.83.126.229','Windows 10','Chrome'),(846,'测试用户','2019-11-28 12:36:45','中国|华东|江西省|九江市|移动','223.83.126.229','Windows 10','Chrome'),(847,'测试用户','2019-11-28 12:49:14','中国|华东|江西省|九江市|移动','223.83.126.229','Windows 10','Chrome'),(848,'测试用户','2019-11-28 15:53:59','中国|华东|江西省|九江市|移动','223.83.127.237','Windows 10','Chrome'),(849,'测试用户','2019-11-28 17:20:34','中国|华东|江西省|九江市|移动','223.83.127.237','Windows 10','Chrome'),(850,'测试用户','2019-11-28 19:56:52','中国|华东|江西省|九江市|移动','223.83.127.237','Windows 10','Chrome'),(851,'测试用户','2019-11-28 20:56:11','中国|华东|江西省|九江市|移动','223.83.127.237','Windows 10','Chrome'),(852,'测试用户','2019-11-28 21:23:06','中国|华东|江西省|九江市|移动','223.83.127.237','Windows 10','Chrome'),(853,'测试用户','2019-11-28 21:35:50','中国|华中|河南省|安阳市|移动','221.176.129.168','Windows 10','Chrome'),(854,'测试用户','2019-11-29 01:01:07','中国|华北|北京市|北京市|联通','114.253.146.254','Windows 10','Chrome'),(855,'测试用户','2019-11-29 10:24:44','中国|华东|江西省|0|移动','223.104.172.211','Windows 10','Chrome'),(856,'测试用户','2019-11-29 13:46:30','中国|华中|河南省|郑州市|鹏博士','175.188.159.122','Windows 10','Chrome'),(857,'测试用户','2019-11-29 14:28:05','中国|华中|湖南省|株洲市|联通','119.39.133.67','Windows 10','Chrome'),(858,'测试用户','2019-11-29 15:29:41','中国|华东|江西省|九江市|移动','223.83.125.221','Windows 10','Chrome'),(859,'测试用户','2019-11-29 18:14:45','中国|华东|江西省|九江市|移动','223.83.125.221','Windows 10','Chrome'),(860,'测试用户','2019-11-29 20:40:24','中国|华东|江西省|九江市|移动','223.83.125.221','Windows 10','Chrome'),(861,'测试用户','2019-11-30 10:49:57','中国|华东|江西省|0|移动','223.104.172.128','Windows 10','Chrome'),(862,'测试用户','2019-11-30 13:45:33','中国|华东|江西省|九江市|移动','223.83.125.78','Windows 10','Chrome'),(863,'测试用户','2019-11-30 15:59:42','中国|华南|广东省|广州市|电信','113.68.103.109','Windows 10','Chrome'),(864,'测试用户','2019-11-30 16:35:03','中国|华东|江西省|九江市|移动','223.83.126.118','Windows 10','Chrome'),(865,'测试用户','2019-11-30 17:34:00','中国|华中|湖南省|株洲市|联通','119.39.133.75','Windows 10','Chrome'),(866,'测试用户','2019-11-30 18:15:52','中国|华中|河南省|焦作市|移动','223.91.202.196','Windows 7','Chrome'),(867,'测试用户','2019-12-01 10:20:03','中国|华北|天津市|天津市|教育网','121.193.162.106','Windows 10','Chrome'),(868,'测试用户','2019-12-01 12:38:27','中国|华中|湖南省|长沙市|电信','218.76.15.212','Windows 10','Chrome'),(869,'测试用户','2019-12-01 13:22:26','中国|华东|江西省|九江市|移动','223.83.125.80','Windows 10','Chrome'),(870,'测试用户','2019-12-01 15:00:21','中国|华南|广东省|0|移动','223.104.64.224','Windows Vista','Opera 12'),(871,'测试用户','2019-12-01 20:28:02','中国|西南|四川省|成都市|电信','125.70.170.109','Windows 7','Chrome'),(872,'测试用户','2019-12-02 05:09:42','中国|华南|广东省|广州市|联通','112.96.164.85','Linux','Chrome'),(873,'测试用户','2019-12-02 09:04:42','中国|西北|陕西省|西安市|电信','113.143.181.0','Windows 10','Chrome'),(874,'测试用户','2019-12-02 09:48:13','中国|华南|广东省|广州市|科技网','124.16.4.5','Windows 7','Chrome'),(875,'测试用户','2019-12-02 11:34:35',NULL,'223.104.172.58','Windows 10','Chrome'),(876,'zhangyukang','2019-12-02 11:36:25',NULL,'223.104.172.58','Windows 10','Chrome'),(877,'测试用户','2019-12-02 11:48:12',NULL,'223.104.172.58','Windows 10','Chrome'),(878,'小章鱼鸭','2019-12-02 11:51:10',NULL,'223.104.172.58','Windows 10','Chrome'),(879,'测试组长','2019-12-02 11:51:42',NULL,'223.104.172.58','Windows 10','Chrome'),(880,'测试用户','2019-12-02 11:52:24',NULL,'223.104.172.58','Windows 10','Chrome'),(881,'测试用户','2019-12-02 13:00:18',NULL,'111.200.241.54','Mac OS X','Chrome'),(882,'测试用户','2019-12-02 14:57:25',NULL,'113.246.153.240','Windows 7','Chrome'),(883,'测试用户','2019-12-02 15:25:44',NULL,'223.83.125.190','Windows 10','Chrome'),(884,'小章鱼鸭','2019-12-02 16:00:11',NULL,'223.83.125.190','Windows 10','Chrome'),(885,'测试用户','2019-12-02 19:13:33','内网IP|0|0|内网IP|内网IP','127.0.0.1','Windows 10','Chrome'),(886,'zhangyukang','2019-12-02 19:14:23','内网IP|0|0|内网IP|内网IP','127.0.0.1','Windows 10','Chrome'),(887,'测试用户','2019-12-02 19:19:58','内网IP|0|0|内网IP|内网IP','127.0.0.1','Windows 10','Chrome'),(888,'测试用户','2019-12-02 19:28:06','中国|华东|江西省|九江市|移动','223.83.125.190','Windows 10','Chrome'),(889,'小章鱼鸭','2019-12-02 19:30:02','中国|华东|江西省|九江市|移动','223.83.125.190','Windows 10','Chrome'),(890,'小章鱼鸭','2019-12-02 20:21:34','中国|华东|江西省|九江市|移动','223.83.125.190','Windows 10','Chrome'),(891,'zhangyukang','2019-12-02 20:23:04','中国|华东|江西省|九江市|移动','223.83.125.190','Windows 10','Chrome'),(892,'小章鱼鸭','2019-12-02 20:23:37','中国|华东|江西省|九江市|移动','223.83.125.190','Windows 10','Chrome'),(893,'测试用户','2019-12-02 20:28:53','中国|华北|天津市|天津市|教育网','121.193.162.106','Windows 10','Chrome'),(894,'小章鱼鸭','2019-12-02 21:01:37','中国|华东|江西省|九江市|移动','223.83.125.190','Windows 10','Chrome'),(895,'测试用户','2019-12-02 21:12:59','中国|华东|安徽省|宣城市|电信','114.100.72.218','Windows 10','Chrome'),(896,'小章鱼鸭','2019-12-02 22:19:32','中国|华东|江西省|九江市|移动','223.83.125.190','Windows 10','Chrome'),(897,'测试用户','2019-12-03 09:54:54','中国|华北|北京市|北京市|电信','1.119.149.253','Windows 10','Chrome'),(898,'小章鱼鸭','2019-12-03 10:33:22','中国|华东|江西省|九江市|移动','223.83.124.97','Windows 10','Chrome'),(899,'zhangyukang','2019-12-03 10:35:25','中国|华东|江西省|九江市|移动','223.83.124.97','Windows 10','Chrome'),(900,'小章鱼鸭','2019-12-03 10:35:47','中国|华东|江西省|九江市|移动','223.83.124.97','Windows 10','Chrome'),(901,'测试用户','2019-12-03 10:37:21','中国|华北|北京市|北京市|电信','1.119.149.253','Windows 10','Chrome'),(902,'测试用户','2019-12-03 10:38:48','中国|华东|江西省|九江市|移动','223.83.124.97','Windows 10','Chrome'),(913,'测试用户','2019-12-03 11:18:19','中国|华北|天津市|天津市|联通','125.38.30.34','Windows 10','Chrome'),(914,'小章鱼鸭','2019-12-03 13:25:51','中国|华东|江西省|九江市|移动','223.83.124.97','Windows 10','Chrome'),(915,'小章鱼鸭','2019-12-03 16:45:19','中国|华东|江西省|九江市|移动','223.83.124.132','Windows 10','Chrome');

/*Table structure for table `sys_menu` */

DROP TABLE IF EXISTS `sys_menu`;

CREATE TABLE `sys_menu` (
  `id` bigint(20) NOT NULL AUTO_INCREMENT COMMENT '菜单/按钮ID',
  `parent_id` bigint(20) DEFAULT NULL COMMENT '上级菜单ID',
  `menu_name` varchar(50) NOT NULL COMMENT '菜单/按钮名称',
  `url` varchar(50) DEFAULT NULL COMMENT '菜单URL',
  `perms` text COMMENT '权限标识',
  `icon` varchar(50) DEFAULT NULL COMMENT '图标',
  `type` char(2) NOT NULL COMMENT '类型 0菜单 1按钮',
  `order_num` bigint(20) DEFAULT NULL COMMENT '排序',
  `create_time` datetime NOT NULL COMMENT '创建时间',
  `modified_time` datetime DEFAULT NULL COMMENT '修改时间',
  `available` int(11) DEFAULT '1' COMMENT '0：不可用，1：可用',
  `is_open` int(11) DEFAULT NULL COMMENT '0:不展开，1：展开',
  PRIMARY KEY (`id`) USING BTREE
) ENGINE=InnoDB AUTO_INCREMENT=208 DEFAULT CHARSET=utf8 ROW_FORMAT=DYNAMIC COMMENT='菜单表';

/*Data for the table `sys_menu` */

insert  into `sys_menu`(`id`,`parent_id`,`menu_name`,`url`,`perms`,`icon`,`type`,`order_num`,`create_time`,`modified_time`,`available`,`is_open`) values (1,0,'系统管理','','','&#xe705;','0',1,'2017-12-27 16:39:07','2019-11-25 17:24:18',1,0),(2,0,'系统监控','','','&#xe614;','0',2,'2017-12-27 16:45:51','2019-12-02 11:44:34',1,0),(3,1,'用户管理','/system/user','user:view','&#xe613;','0',1,'2017-12-27 16:47:13','2019-11-14 17:25:40',1,0),(4,1,'角色管理','/system/role','role:view','&#xe770;','0',2,'2017-12-27 16:48:09','2019-06-13 08:57:19',1,NULL),(5,1,'菜单管理','/system/menu','menu:view','&#xe62a;','0',3,'2017-12-27 16:48:57','2019-06-13 08:57:34',1,NULL),(6,1,'部门管理','/system/dept','dept:view','&#xe66c;','0',4,'2017-12-27 16:57:33','2019-11-25 18:15:14',1,0),(8,2,'在线用户','/system/online','online:view','&#xe857;','0',1,'2017-12-27 16:59:33','2019-06-13 14:30:31',1,NULL),(10,2,'系统日志','/system/systemLog','log:view','&#xe6b2;','0',6,'2017-12-27 17:00:50','2019-11-15 19:03:16',1,0),(11,3,'新增用户',NULL,'user:add',NULL,'1',NULL,'2017-12-27 17:02:58','2019-11-12 17:38:07',1,NULL),(13,3,'删除用户',NULL,'user:delete',NULL,'1',NULL,'2017-12-27 17:04:58',NULL,1,NULL),(14,4,'新增角色',NULL,'role:add',NULL,'1',NULL,'2017-12-27 17:06:38',NULL,1,NULL),(15,4,'修改角色',NULL,'role:update',NULL,'1',NULL,'2017-12-27 17:06:38',NULL,1,NULL),(16,4,'删除角色',NULL,'role:delete',NULL,'1',NULL,'2017-12-27 17:06:38',NULL,1,NULL),(17,5,'新增菜单',NULL,'menu:add',NULL,'1',NULL,'2017-12-27 17:08:02',NULL,1,NULL),(18,5,'修改菜单',NULL,'menu:update',NULL,'1',NULL,'2017-12-27 17:08:02',NULL,1,NULL),(19,5,'删除菜单',NULL,'menu:delete',NULL,'1',NULL,'2017-12-27 17:08:02',NULL,1,NULL),(20,6,'新增部门',NULL,'dept:add',NULL,'1',NULL,'2017-12-27 17:09:24',NULL,1,NULL),(21,6,'修改部门',NULL,'dept:update',NULL,'1',NULL,'2017-12-27 17:09:24',NULL,1,NULL),(22,6,'删除部门',NULL,'dept:delete',NULL,'1',NULL,'2017-12-27 17:09:24',NULL,1,NULL),(23,8,'踢出用户','','session:user:kickout','','1',NULL,'2017-12-27 17:11:13','2019-11-16 10:26:31',1,0),(24,10,'删除日志',NULL,'log:delete',NULL,'1',NULL,'2017-12-27 17:11:45','2019-06-06 05:56:40',1,NULL),(103,102,'新增任务',NULL,'job:add',NULL,'1',NULL,'2018-02-24 15:55:10',NULL,1,NULL),(104,102,'修改任务',NULL,'job:update',NULL,'1',NULL,'2018-02-24 15:55:53',NULL,1,NULL),(105,102,'删除任务',NULL,'job:delete',NULL,'1',NULL,'2018-02-24 15:56:18',NULL,1,NULL),(106,102,'暂停任务',NULL,'job:pause',NULL,'1',NULL,'2018-02-24 15:57:08',NULL,1,NULL),(107,102,'恢复任务',NULL,'job:resume',NULL,'1',NULL,'2018-02-24 15:58:21',NULL,1,NULL),(108,102,'立即执行任务',NULL,'job:run',NULL,'1',NULL,'2018-02-24 15:59:45',NULL,1,NULL),(110,109,'删除日志',NULL,'job:log:delete',NULL,'1',NULL,'2018-02-24 16:01:21',NULL,1,NULL),(113,2,'数据源监控','/system/druid','redis:view','&#xe628;','0',3,'2018-06-28 14:29:42','2019-11-16 12:37:26',1,0),(117,116,'线性图表','/others/apex/line','apex:line:view',NULL,'0',1,'2019-05-27 10:24:49',NULL,1,NULL),(119,116,'面积图表','/others/apex/area','apex:area:view',NULL,'0',2,'2019-05-27 18:49:22',NULL,1,NULL),(120,116,'柱形图表','/others/apex/column','apex:column:view',NULL,'0',3,'2019-05-27 18:51:33',NULL,1,NULL),(121,116,'雷达图表','/others/apex/radar','apex:radar:view',NULL,'0',4,'2019-05-27 18:56:05',NULL,1,NULL),(122,116,'条形图表','/others/apex/bar','apex:bar:view',NULL,'0',5,'2019-05-27 18:57:02',NULL,1,NULL),(123,116,'混合图表','/others/apex/mix','apex:mix:view','','0',6,'2019-05-27 18:58:04','2019-06-06 02:55:23',1,NULL),(126,132,'系统图标','/others/febs/icon','febs:icons:view','','0',4,'2019-05-27 19:03:18','2019-06-06 03:05:26',1,NULL),(133,132,'表单组件','/others/febs/form','febs:form:view',NULL,'0',1,'2019-05-27 19:14:45',NULL,1,NULL),(134,132,'FEBS工具','/others/febs/tools','febs:tools:view','','0',3,'2019-05-29 10:11:22','2019-06-12 13:21:27',1,NULL),(135,132,'表单组合','/others/febs/form/group','febs:formgroup:view',NULL,'0',2,'2019-05-29 10:16:19',NULL,1,NULL),(136,2,'登录日志','/system/loginLog','loginlog:view','&#xe62d;','0',2,'2019-05-29 15:56:15','2019-11-13 14:41:23',1,0),(159,132,'其他组件','/others/febs/others','others:febs:others','','0',5,'2019-06-12 07:51:08','2019-06-12 07:51:40',1,NULL),(160,3,'密码重置','','user:reSet','','1',NULL,'2019-06-13 08:40:13','2019-11-17 10:52:57',1,0),(161,3,'导出Excel',NULL,'user:export',NULL,'1',NULL,'2019-06-13 08:40:34',NULL,1,NULL),(162,4,'导出Excel',NULL,'role:export',NULL,'1',NULL,'2019-06-13 14:29:00','2019-06-13 14:29:11',1,NULL),(163,5,'导出Excel',NULL,'menu:export',NULL,'1',NULL,'2019-06-13 14:29:32',NULL,1,NULL),(164,6,'导出Excel',NULL,'dept:export',NULL,'1',NULL,'2019-06-13 14:29:59',NULL,1,NULL),(165,138,'修改配置',NULL,'generator:configure:update',NULL,'1',NULL,'2019-06-13 14:32:09','2019-06-13 14:32:20',1,NULL),(166,139,'生成代码',NULL,'generator:generate',NULL,'1',NULL,'2019-06-13 14:32:51',NULL,1,NULL),(167,125,'模板下载',NULL,'eximport:template',NULL,'1',NULL,'2019-06-13 14:33:37',NULL,1,NULL),(168,125,'导出Excel',NULL,'eximport:export',NULL,'1',NULL,'2019-06-13 14:33:57',NULL,1,NULL),(169,125,'导入Excel',NULL,'eximport:import',NULL,'1',NULL,'2019-06-13 14:34:19',NULL,1,NULL),(170,10,'导出Excel',NULL,'log:export',NULL,'1',NULL,'2019-06-13 14:34:55',NULL,1,NULL),(171,136,'删除日志',NULL,'login:deleteLog',NULL,'1',NULL,'2019-06-13 14:35:27','2019-06-13 14:36:08',1,NULL),(172,136,'导出Excel',NULL,'loginlog:export',NULL,'1',NULL,'2019-06-13 14:36:26',NULL,1,NULL),(173,102,'导出Excel',NULL,'job:export',NULL,'1',NULL,'2019-06-13 14:37:25',NULL,1,NULL),(174,109,'导出Excel',NULL,'job:log:export',NULL,'1',NULL,'2019-06-13 14:37:46','2019-06-13 14:38:02',1,NULL),(175,2,'Swagger文档','/monitor/swagger','swagger:view','','0',8,'2019-08-18 17:25:36','2019-08-18 17:25:59',0,NULL),(179,118,'test','1',NULL,'1','1',1,'2019-11-12 21:14:34','2019-11-12 21:15:11',1,1),(180,3,'分配角色','','user:giveUserRoles','test','1',1,'2019-11-13 18:46:51','2019-11-13 18:46:51',1,1),(181,10,'批量删除','','login:batchDeleteLog','test','1',1,'2019-11-13 18:53:26','2019-11-13 18:53:26',1,1),(182,136,'批量删除','','login:batchDeleteLog','test','1',1,'2019-11-13 18:54:37','2019-11-13 18:54:37',1,1),(183,3,'锁定用户','','user:lock','lock','0',1,'2019-11-13 19:30:48','2019-11-13 19:30:48',1,1),(187,4,'编辑角色','','role:edit','','1',2,'2019-11-16 10:41:59','2019-11-16 10:41:59',1,0),(188,113,'监控查看','','datasource:view','','1',1,'2019-11-16 12:37:13','2019-11-16 12:37:13',1,0),(190,0,'基础管理','','','&#xe7ae;','0',3,'2019-11-23 16:22:44','2019-11-24 20:25:16',1,0),(191,190,'留言板','/base/message','message:view','&#xe6b2;','0',1,'2019-11-23 16:23:07','2019-11-23 17:30:39',1,0),(192,190,'图标管理','/base/icon','icon:view','&#xe857;','0',2,'2019-11-23 16:23:29','2019-11-23 17:30:51',1,0),(193,4,'分配权限','','role:updateRoleMenu','&#xe672;','1',NULL,'2019-11-23 21:35:10','2019-11-23 21:35:42',1,0),(194,8,'查看在线','','session:user:view','','0',1,'2019-11-23 21:38:43','2019-11-23 21:38:43',1,0),(198,0,'图表统计','','','&#xe62c;','0',6,'2019-11-26 14:02:19','2019-11-26 14:05:01',1,0),(199,198,'位置饼图','/base/loginLocationStatistics','','&#xe715;','0',NULL,'2019-11-26 14:03:16','2019-11-26 14:05:28',1,0),(200,198,'登入统计','/base/loginLogStatistics','','&#xe66a;','0',2,'2019-11-26 14:03:52','2019-11-26 14:07:02',1,0),(201,0,'任务管理','','','&#xe658;','0',6,'2019-12-02 11:38:15','2019-12-02 11:38:15',1,0),(202,201,'请假单管理','/job/sickPaper','','&#xe62a;','0',1,'2019-12-02 11:38:52','2019-12-02 11:38:52',1,0),(203,201,'代办任务','/workFlow/myTask','','&#xe645;','0',2,'2019-12-02 11:39:32','2019-12-02 11:39:32',1,0),(204,0,'流程管理','','','&#xe656;','0',6,'2019-12-02 11:42:14','2019-12-02 11:42:14',1,0),(205,204,'流程管理','/workFlow/workFlow','','&#xe681;','0',1,'2019-12-02 11:42:47','2019-12-02 11:42:47',1,0),(206,0,'接口文档','','','&#xe635;','0',7,'2019-12-02 11:43:48','2019-12-02 11:43:48',1,0),(207,206,'Swagger文档','/swagger-ui.html','1','&#xe668;','0',NULL,'2019-12-02 11:44:23','2019-12-02 11:44:23',1,0);

/*Table structure for table `sys_role` */

DROP TABLE IF EXISTS `sys_role`;

CREATE TABLE `sys_role` (
  `id` bigint(20) NOT NULL AUTO_INCREMENT COMMENT '角色ID',
  `role_name` varchar(100) NOT NULL COMMENT '角色名称',
  `remark` varchar(100) DEFAULT NULL COMMENT '角色描述',
  `create_time` datetime NOT NULL COMMENT '创建时间',
  `modified_time` datetime DEFAULT NULL COMMENT '修改时间',
  PRIMARY KEY (`id`) USING BTREE
) ENGINE=InnoDB AUTO_INCREMENT=130 DEFAULT CHARSET=utf8 ROW_FORMAT=DYNAMIC COMMENT='角色表';

/*Data for the table `sys_role` */

insert  into `sys_role`(`id`,`role_name`,`remark`,`create_time`,`modified_time`) values (1,'系统管理员','系统管理员，拥有所有操作权限 ^_^.','2019-06-14 16:23:11','2019-11-13 19:03:25'),(2,'注册账户','注册账户，拥有查看，新增权限（新增用户除外）和导出Excel权限','2019-06-14 16:00:15','2019-11-11 22:30:34'),(77,'Redis监控员','负责Redis模块','2019-06-14 20:49:22','2019-11-11 16:46:57'),(78,'系统监控员','负责整个系统监控模块','2019-06-14 20:50:07','2019-11-11 22:30:02'),(79,'跑批人员','负责任务调度跑批模块','2019-06-14 20:51:02','2019-11-16 10:42:54'),(80,'开发人员','拥有代码生成模块的权限','2019-06-14 20:51:26','2019-11-11 16:47:05'),(105,'java程序员','java程序员','2019-11-11 19:09:01','2019-11-11 19:09:01'),(125,'测试用户','测试用户','2019-11-15 18:59:19','2019-11-15 18:59:19'),(126,'蔡徐坤','美国校队队长','2019-11-22 15:57:08','2019-11-22 15:57:08'),(127,'鹿晗','铁血硬汉','2019-11-22 15:57:32','2019-11-22 15:57:32'),(128,'乔碧萝','美落天仙','2019-11-22 15:58:00','2019-11-22 15:58:00'),(129,'GitHub用户','GitHub登入的大佬','2019-11-25 16:33:36','2019-11-25 16:33:36');

/*Table structure for table `sys_role_menu` */

DROP TABLE IF EXISTS `sys_role_menu`;

CREATE TABLE `sys_role_menu` (
  `role_id` bigint(20) NOT NULL COMMENT '角色ID',
  `menu_id` bigint(20) NOT NULL COMMENT '菜单/按钮ID'
) ENGINE=InnoDB DEFAULT CHARSET=utf8 ROW_FORMAT=DYNAMIC COMMENT='角色菜单关联表';

/*Data for the table `sys_role_menu` */

insert  into `sys_role_menu`(`role_id`,`menu_id`) values (77,137),(77,138),(77,165),(77,139),(77,166),(105,1),(105,3),(105,11),(105,12),(105,161),(105,180),(105,4),(105,14),(105,162),(105,187),(105,2),(105,8),(105,23),(105,10),(105,170),(105,181),(105,113),(105,127),(105,128),(105,129),(105,130),(105,131),(105,136),(105,172),(105,182),(105,101),(105,102),(105,103),(105,104),(105,105),(105,106),(105,107),(105,108),(105,173),(105,109),(105,110),(105,174),(105,115),(105,116),(105,117),(105,119),(105,120),(105,121),(105,122),(105,123),(105,118),(105,179),(105,125),(105,167),(105,168),(105,169),(105,132),(105,126),(105,133),(105,134),(105,135),(105,159),(105,137),(105,138),(105,165),(105,139),(105,166),(126,1),(126,4),(126,14),(126,15),(126,16),(126,162),(126,187),(126,5),(126,17),(126,18),(126,19),(126,163),(126,2),(126,8),(126,23),(126,136),(126,171),(126,172),(126,182),(126,113),(126,188),(126,10),(126,24),(126,170),(126,181),(126,101),(126,102),(126,103),(126,104),(126,105),(126,106),(126,107),(126,108),(126,173),(126,109),(126,110),(126,174),(127,115),(127,132),(127,133),(127,135),(127,134),(127,126),(127,159),(127,184),(127,185),(127,116),(127,117),(127,119),(127,120),(127,121),(127,122),(127,123),(127,118),(127,179),(127,125),(127,167),(127,168),(127,169),(128,198),(128,199),(128,200),(1,1),(1,3),(1,11),(1,13),(1,160),(1,161),(1,180),(1,183),(1,4),(1,14),(1,15),(1,16),(1,162),(1,187),(1,5),(1,17),(1,18),(1,19),(1,163),(1,6),(1,20),(1,21),(1,22),(1,164),(1,2),(1,8),(1,194),(1,10),(1,24),(1,170),(1,181),(1,113),(1,188),(1,136),(1,171),(1,172),(1,190),(1,191),(1,192),(1,195),(1,196),(125,1),(125,3),(125,11),(125,160),(125,161),(125,180),(125,183),(125,4),(125,14),(125,15),(125,162),(125,187),(125,193),(125,5),(125,17),(125,18),(125,163),(125,6),(125,20),(125,21),(125,164),(125,2),(125,8),(125,194),(125,10),(125,170),(125,181),(125,113),(125,188),(125,136),(125,172),(125,190),(125,191),(125,192),(125,195),(125,196),(125,198),(125,199),(125,200),(125,201),(125,202),(125,203),(125,204),(125,205),(125,206),(125,207),(129,1),(129,3),(129,11),(129,161),(129,180),(129,183),(129,4),(129,14),(129,15),(129,162),(129,187),(129,193),(129,5),(129,17),(129,18),(129,163),(129,6),(129,20),(129,21),(129,164),(129,2),(129,8),(129,194),(129,10),(129,24),(129,170),(129,181),(129,113),(129,188),(129,136),(129,171),(129,172),(129,182),(129,190),(129,191),(129,192),(129,198),(129,199),(129,200),(129,201),(129,202),(129,203),(129,204),(129,205),(129,206),(129,207);

/*Table structure for table `sys_user` */

DROP TABLE IF EXISTS `sys_user`;

CREATE TABLE `sys_user` (
  `id` bigint(20) NOT NULL AUTO_INCREMENT COMMENT '用户ID',
  `user_name` varchar(50) NOT NULL COMMENT '用户名',
  `pass_word` varchar(128) NOT NULL COMMENT '密码',
  `dept_id` bigint(20) DEFAULT NULL COMMENT '部门ID',
  `email` varchar(128) DEFAULT NULL COMMENT '邮箱',
  `phone_number` varchar(20) DEFAULT NULL COMMENT '联系电话',
  `status` char(1) NOT NULL COMMENT '状态 0锁定 1有效',
  `create_time` datetime NOT NULL COMMENT '创建时间',
  `modified_time` datetime DEFAULT NULL COMMENT '修改时间',
  `last_login_time` datetime DEFAULT NULL COMMENT '最近访问时间',
  `sex` char(1) DEFAULT NULL COMMENT '性别 0男 1女 2保密',
  `avatar` text COMMENT '头像',
  `description` varchar(100) DEFAULT NULL COMMENT '描述',
  `salt` varchar(255) DEFAULT NULL COMMENT '盐',
  `type` int(11) NOT NULL DEFAULT '1' COMMENT '0:超级管理员，1：系统用户',
  `mgr_id` bigint(20) DEFAULT '0' COMMENT '上级领导',
  `birth` varchar(20) DEFAULT NULL COMMENT '生日',
  PRIMARY KEY (`id`) USING BTREE
) ENGINE=InnoDB AUTO_INCREMENT=40 DEFAULT CHARSET=utf8 ROW_FORMAT=DYNAMIC COMMENT='用户表';

/*Data for the table `sys_user` */

insert  into `sys_user`(`id`,`user_name`,`pass_word`,`dept_id`,`email`,`phone_number`,`status`,`create_time`,`modified_time`,`last_login_time`,`sex`,`avatar`,`description`,`salt`,`type`,`mgr_id`,`birth`) values (1,'zhangyukang','80af0604a3695df1b2f747027be7eafa',1,'mrbird@qq.com','17788888888','1','2019-12-03 11:00:37','2019-11-28 12:29:32','2019-12-03 10:47:11','1','http://coderman.oss-cn-beijing.aliyuncs.com/img/rbac/15745994553930d8e33a0-f95c-4d5b-ae15-879c0bc57b8au%3D1549007213%2C2805634217%26fm%3D26%26gp%3D0.jpg?Expires=1669207613&OSSAccessKeyId=LTAI6EW8bTwlXoZD&Signature=iy5W6Zjh%2FHjDhJMCWmgmCGR2IPE%3D','一个热爱编程的小章鱼。励志成为一位Java程序猿。','F63E9570-1DED-4BFA-9663-4FF2E82140C4',0,NULL,'2019年11月24日'),(2,'Scott1','1d685729d113cfd03872f154939bee1c',9,'scott@gmail.com','17722222222','1','2019-06-14 20:55:53','2019-11-24 18:26:08','2019-08-18 17:36:18','0','/resources/images/face.jpg','我是scott。',NULL,1,31,'2019年11月24日'),(3,'Reina','1461afff857c02afbfb768aa3771503d',4,'Reina@hotmail.com','17711111111','1','2019-06-14 21:07:38','2019-11-23 12:19:48','2019-06-14 21:08:26','0','/resources/images/face.jpg','由于公款私用，已被封禁。',NULL,1,21,'2019年11月24日'),(4,'Micaela','9f2daa2c7bed6870fcbb5b9a51d6300e',4,'Micaela@163.com','17733333333','1','2019-06-14 21:10:13','2019-11-23 12:20:12','2019-06-14 21:10:37','0','https://shiro.mrbird.cn:8080/febs/images/avatar/default.jpg','我叫米克拉',NULL,1,31,'2019年11月24日'),(5,'Jana','9690bbd5a58d2eeefb0b7ca1324a1dca',8,'Jana@126.com','17744444444','1','2019-06-14 21:12:16','2019-11-18 16:02:50','2019-11-18 16:03:03','0','https://shiro.mrbird.cn:8080/febs/images/avatar/cnrhVkzwxjPwAaCfPbdc.png','大家好，我叫简娜','E46E184B-BAE5-4EE0-B3D9-674A04F37DDE',1,1,'2019年11月24日'),(6,'Georgie','dffc683378cdaa015a0ee9554c532225',3,'Georgie@qq.com','17766666666','1','2019-06-14 21:15:09','2019-11-25 14:32:33','2019-06-14 21:16:11','1','https://shiro.mrbird.cn:8080/febs/images/avatar/default.jpg','生产执行rm -rf *，账号封禁T T',NULL,1,32,'2019年11月24日'),(21,'php程序员','6a75a236677f95966c35a5806d58d462',1,'1456122@qq.com','15079437282','1','2019-11-13 18:44:20','2019-11-25 21:25:29','2019-11-16 11:04:44','0','https://shiro.mrbird.cn:8080/febs/images/avatar/default.jpg','PHP程序员','8d1954a3-9897-4bdc-ace4-636c5496a59d1',1,39,'2019年11月24日'),(26,'测试组长','f213a7ce230ec61bf1f434722c9f6890',19,'zyk3053161401@163.com','15079437282','1','2019-11-15 22:21:51','2019-12-02 11:51:31','2019-12-03 10:51:36','0','https://shiro.mrbird.cn:8080/febs/images/avatar/default.jpg','测试人员','313881D9-EA66-40A5-B1F4-8760AFE83767',1,1,'2019年11月24日'),(27,'python程序员','ff68ab8cc72f72b93576bc3c1ffcfda0',2,'HH@qq.com','15079437282','1','2019-11-16 12:42:58','2019-11-25 21:25:49','2019-11-23 09:56:11','0','https://shiro.mrbird.cn:8080/febs/images/avatar/default.jpg','python程序员','42cee399-b5d3-4618-9c1b-10da79c76237PYTHON程序员',1,39,'2019年11月24日'),(28,'美工','efaf5127f2eebb947a52768563843975',3,'1456122@qq.com','15079437282','0','2019-11-16 12:43:29','2019-11-25 21:26:01','2019-11-23 09:56:15','0','https://shiro.mrbird.cn:8080/febs/images/avatar/default.jpg','美工','7b4bd8b9-b7e5-4f40-ae98-07a943919101美工',1,39,'2019年11月24日'),(29,'PeterJSON','8d7895694e7d00d855694365c77c02c7',3,'3053161401@qq.com','15079437282','1','2019-11-23 10:25:05','2019-11-24 18:35:12','2019-11-24 11:10:08','1','https://shiro.mrbird.cn:8080/febs/images/avatar/default.jpg','PeterJSONPeterJSON','57daf563-7852-4a11-8e06-459b755bf27cPETERJSON',1,30,'2019年11月24日'),(30,'陈跃辉','ce1243eaa5e5d5f0928d806c3fab94bd',23,'zyk3053161401@gmail.com','15079437282','1','2019-11-23 11:19:06','2019-11-23 12:17:51','2019-11-24 11:10:11','0','https://shiro.mrbird.cn:8080/febs/images/avatar/default.jpg','jjjjj','8037986a-08d8-42bd-be5c-6d5d2ce2304dJJJJJ',1,21,'2019年11月24日'),(32,'熊消','d9111906e90db59b8e79e15ed3f9ab17',3,'zyk3053161401@gmail.com','15079437282','1','2019-11-23 12:07:10','2019-11-25 21:26:38','2019-12-03 10:39:31','1','https://shiro.mrbird.cn:8080/febs/images/avatar/default.jpg','1111','ccd83371-b51b-4d1e-bfed-b1717d57cc7e熊消',1,39,'2019年11月24日'),(33,'coderman','8cc9f65627c86c2cfdab993915b14196',23,'3053161401@qq.com','13426528317','1','2019-11-23 21:18:01','2019-11-25 14:27:29','2019-11-25 19:05:17','1','http://coderman.oss-cn-beijing.aliyuncs.com/img/rbac/1574672917328614a02ce-3597-4d36-9c4c-2f2b600b2d04/storage/emulated/0/sina/weibo/%E5%BE%AE%E5%8D%9A%E5%8A%A8%E5%9B%BE/img-006a512Mly1g98wi84uxtg306y052npd.gif?Expires=1669281615&OSSAccessKeyId=LTAI6EW8bTwlXoZD&Signature=QJfsWNqGAd%2FYUeBKd3iqST6u3Go%3D','网站测试用户~','7ef8271a-6b06-440c-a8dd-1c0da4ea0c83CODERMAN',1,30,'2019年11月06日'),(34,'小章鱼鸭','24b11bf2a5103137c9d030126ca6b113',1,'mfrwabkv38afp@163.net','15601442599','1','2019-12-03 16:45:19','2019-12-03 10:35:41',NULL,'1','https://avatars3.githubusercontent.com/u/47490129?v=4','Talk is cheap,show me the code','ECFAE148-D86E-4809-BB63-D607C0533B62',2,38,'2019年11月25日'),(35,'FuckTheWorld','89963bcb7a50deb34e70043ac98d9ca2',1,'smwcertg16qg@126.com','15603067081','1','2019-11-25 17:14:01','2019-11-25 17:16:28',NULL,'0','https://avatars0.githubusercontent.com/u/56183462?v=4','life is mine,don,t lose holl','06C88908-80E3-41EC-8B37-527783299811',2,NULL,'2019年11月25日'),(36,'废人','817dc91325a3435acea7564043890dd6',1,'7iv50ek9ik@sohu.com','13408327757','1','2019-11-25 17:28:26','2019-11-25 17:28:26',NULL,'0','https://avatars3.githubusercontent.com/u/54359339?v=4','本人小白，请大家多多关照','8353F868-5297-4361-9916-E69206C9BA50',2,NULL,'2019年11月25日'),(37,'蔡徐坤','24cdee5aced6c6c5b650bb60cacf7d89',1,'3bfmw0ucoao@0355.net','15508720370','1','2019-11-25 20:30:51','2019-11-25 20:35:56',NULL,'0','https://avatars0.githubusercontent.com/u/53562257?v=4','喜欢唱跳，rap，篮球','FC8A76F2-A01C-45A0-B826-1A8DE3F5D060',2,37,'2019年11月25日'),(38,'测试用户','697d5f90579fb55e9e4c593e1634acd4',19,'1456122@qq.com','15079437282','1','2019-11-25 20:13:56','2019-11-25 20:13:56','2019-12-03 11:18:19','0','http://codermanrbac.oss-cn-beijing.aliyuncs.com/img/rbac/15752860574118871c9a5-7a08-4b48-8c52-b9a3c2b59d2au%3D2846001291%2C2079543271%26fm%3D11%26gp%3D0.jpgb5f20946-5150-45fb-ab8a-8c05ea3565d6u%3D2508049888%2C1542573983%26fm%3D26%26gp%3D0.jpg?Expires=1669949614&OSSAccessKeyId=LTAI6EW8bTwlXoZD&Signature=B%2BMljisYm5QBycgq6AkOM%2FXk8F0%3D','网站测试用户~','617645B4-ED0F-43A3-A5FF-D7C318242FE4',1,26,NULL),(39,'开发组长','12ef968d0c12b9c128853551f5a4f6bd',1,'zyk3053161401@gmail.com','15079437282','1','2019-11-25 21:25:03','2019-11-25 21:25:03',NULL,'0','/resources/images/face.jpg','开发组长','2A33C979-D9C3-4B9F-9861-7EB9742EEEFA',1,1,NULL);

/*Table structure for table `sys_user_role` */

DROP TABLE IF EXISTS `sys_user_role`;

CREATE TABLE `sys_user_role` (
  `user_id` bigint(20) NOT NULL COMMENT '用户ID',
  `role_id` bigint(20) NOT NULL COMMENT '角色ID'
) ENGINE=InnoDB DEFAULT CHARSET=utf8 ROW_FORMAT=DYNAMIC COMMENT='用户角色关联表';

/*Data for the table `sys_user_role` */

insert  into `sys_user_role`(`user_id`,`role_id`) values (1,1),(3,77),(6,80),(22,124),(5,79),(5,105),(26,105),(4,78),(4,125),(28,80),(33,125),(34,129),(35,129),(36,129),(37,129),(38,125),(21,80),(2,77);

/*!40101 SET SQL_MODE=@OLD_SQL_MODE */;
/*!40014 SET FOREIGN_KEY_CHECKS=@OLD_FOREIGN_KEY_CHECKS */;
/*!40014 SET UNIQUE_CHECKS=@OLD_UNIQUE_CHECKS */;
/*!40111 SET SQL_NOTES=@OLD_SQL_NOTES */;
